1,とても勉強になりました。ワクチンは見送りにしてます。その為、職場で同調圧力にあっていてとても辛いです😢,407,七瀬 月茄,75
1-1,打ったふりとか。私は未接種ですが、しれっと打ったふりしてました。,0,napoのチャンネル
1-2,@arizono2 まともな医者って誰ですか？製薬会社から沢山お金もらってる医者ですか？？？貴方はマネーデータベース見た事ないでしょ？妄想ってw論点ズレてるよw,0,麻宮サキ
1-3,@麻宮サキ 三年後間違いなく元気でしょう！三年後なんとも無ければ君はどう責任取るつもり？やばい物を陛下に接種させません！その話完全な誇張,0,arizono2
1-4,@Hiroshi Skywalker 反対派の妄想は不要以後レスするな,0,arizono2
1-5,@arizono2 医師が黙り込んだわけじゃないようですね。国語力を身につけましょう。,1,Hiroshi Skywalker
1-6,「ワク打ってるよ」と言っています。BCGですけどｗｗｗ「何を打った」と言ってないだけで、打ってるのには間違いないですからね。しかも日本人はＢＣＧのおかげで守られてるという情報もありますから、これはあながち間違ってはいないんだと思っています。,0,mindstep1972
1-7,@スウ ニコ動では見れますね！あの動画は衝撃的でした。みんなにも分かりやすい内容でお話しされていますね！みなさん勉強していてすごいです！同調圧力に負けず頑張りましょう！未来はきっと変わると信じて,0,麻宮サキ
1-8,@麻宮サキ 自然療法士ルイさんの動画は、分かりやすくきちんと資料を挙げて解説していますが、すぐBANされます。余程まずい真実なのでしょう。,1,スウ
1-9,その意思の強さはこれからの時代を生きる糧になるはずです！一緒に頑張りましょう！,0,ryo m
1-10,@め 妄想の世界大好きな反対派のおかしい人に言われたくありません！,0,arizono2
1-11,@arizono2 もう一度　文章をよく読みましょう。読解力！,0,め
1-12,@松岡修三 🥰,0,Tora Sima
1-13,バイデンの大統領就任式の日大統領専用車を見送る沿道の兵士は全員がバイデンに背中を向けていました。アメリカ海兵隊のデイビッド・H・バーガー将軍は｢私の兵士達に強制的にワクチン接種すると言うなら武装して来なさい｣と発言しました。という情報を私は得ています。,4,山田直樹
1-14,@Haru Kato ご主人様素晴らしいお考えですね。何年か前に日本で子供達に子宮頸がんワクチンの接種が行われました。接種させようと思ってた矢先に私の病気が発覚しました。闘病してから価値観も周りの景色さえ変わりました。病気が私に教えてくれたのだと感謝する毎日です。子宮頸がんワクチンでは沢山の子供達が犠牲になりました。あの時接種させなくて良かったと思います。娘さん接種しない事で仲間外れにされるような友達関係なのですかね？本当の友達ならそんな事で仲間外れなんかにならないと思いますが子供の世界には大人が分からない何かがあるんでしょうね。みんなと同じだと安心するんですよ。でもいつかお父さんとお母さんの決断に感謝する日が必ずきますよ！あの時、親子で戦ったーって良い思い出になる事を祈ってます。息子の会社で接種を聞いてきた上司がいたらしいのですがワクチン接種に伴い子供と重度のアレルギー持ちを理由にしようと話し合いました。もちろん息子も接種はしたくないけど接種したくないなどどサラリーマンが言えるはずもなく体質的な理由だとそれ以上何も言えないと思うので、、、それを理由にしました。主人の会社は接種について何も言いません。接種は個人の問題だとの考えらしいです。日本も公務員は絶対的に接種させられてると思います。これからワクチンパスポート導入で差別化に進むと思います。海外ではワクチン接種してないと買い物もできない所もあるそうですね。日本もそうなりそうで怖いです。多分11月頃から個人の外出禁止令も発動するのではないかと思います。心の準備はできてます。世界でたった1人になっても接種はしません。お互い頑張りましょう！くじけそうな時はコメント下さいね！励ましあいましょ笑,6,麻宮サキ
1-15,@麻宮サキ 様心強いご意見ありがとうございます!本当に言われる通りだと思います。うちの主人(イタリア人)ももちろん反対派です。私達の周りにも少人数ではありますが、未接種者います。私も主人も大人です、人生色んな経験して来ましたので、他人や親兄弟に何言われても、人それぞれ選択枠があるとはっきり言えます。問題は15才の娘ですね。偏見な目で見られるなら私が悪者でもいいと友達にも先生にも“母が頭の硬い日本人なので”　でもいいし　“母が日本製が出来るまでは接種しないと言ってる”　なんとでも言い訳出来ます!　要は彼女の気持ち、みんなと同じ!　接種してないから仲間外れにされるくらいに思い込んでるのかもしれないですね　仲良しのクラスの友達も仲良しの幼馴染みもみんな接種したからですね。もっと強くなって欲しい!　と思いますが性格なので仕方ありません。主人は守ってやれるのは自分達だけだから今、分からなくてもきっと分かる時が来る　とも言っています。娘に分からせる事が何故こんなに大変なのか試行錯誤中です。時期を見計らってお勧めの動画見る様にして見ます。こちらは来週中から新学期が始まります。プライバシーとは言えクラス、学校でどのくらいの比率で未接種者がいるのかはっきりしてくると思います。教員は接種強制、とある全土にある大型スーパーも店員は強制　嫌なら辞めろ!未接種者が職を失う?　罪ない10代に接種強制化!　思う様に世界中を動かしたい、でも私達の様な者が何処の国にも居るんだって事、自分の権利守ってるだけなのにテロリストでも戦争愛好家でもないむしろ平和主義者ですよ!つくづくこんな世の中嫌になりますね。でも、屈しません!　頑張ります!頑張りましょう!　こんなにこんなに悩んでいるの一人じゃ無いんだと勇気貰えました。,4,Haru Kato
1-16,@Haru Kato 日本も同じです。今はワクチンパスポートなどと変なシステムが導入されそうになっています。私の周りの人、職場、友人、兄弟、親までも接種してしまいました。自分の身体に入れる物がどんな物なのか調べもせず、ただコロナに感染する事だけを恐れて…私も年頃の娘がいます。娘は自宅から離れて生活してますがワクチンに関してどれだけ知識があるか分かりませんが以前、私が闘病した経験から医療には色々な利権がある事は知っています。その私の経験から判断してるようです。友達や彼氏にも接種しないように言ってるそうです。娘さんもきっとお辛いのでしょうね。現在の社会がそうさせているのでしょね。でも負けないでほしいです。みんなが右に行くのが当たり前ではないです。十人十色と言う言葉があります。貴方は貴方です。みんな違う色なんです。ファイザーからの警告。自然療法士ルイさんの動画を是非見せてあげて下さい。未来ある子供がこれ以上犠牲にならないように。最後にHaru katoさん貴方は素晴らしい人です。,8,麻宮サキ
1-17,@麻宮サキ 様励ましありがとうございます。私自身は未接種で頑張るつもりです。それこそスーパー等死活問題になったら国相手に戦う?　しか残されてないのかなあ　とも思いますがやはり、年頃の娘は難しいですね。あの年頃は友達が一番ですからね、自分だけ違う、そう言う娘の気持ちも良くわかるだけに辛いですね。接種によって先の事は今の現状では何もわかりません。そのわからない物を体に入れる意味すら分かるのには子供過ぎます。ワクチンを打つ事が今一番大事!と思い込んでる娘にも腹立たしいし、それを推進する大人にも怒りを感じます。こんな事が起こっているのはイタリアだけでしょうか?,4,Haru Kato
1-18,ツラいですね（ ; ; ）でも負けないでくださいね！,5,Y Y
1-19,わたしも職場でわたしだけ打ってません変人だと思われてますが平気です自分の命は自分で守りましょうもちろん家族の命もね☺️今ブレークスルー感染でてます打つ意味ないって普通に考えたらわかるのにみんなバカだなって思います笑,8,M Y
1-20,@麻宮サキ 様それ一番大事ですね!　www,3,Haru Kato
1-21,@ゴンた 血管ボロボロ？頭大丈夫か？w,0,arizono2
1-22,@Haru Kato 打ちたくても打てないんですぅーと最後に一言付け加えてね笑笑,5,麻宮サキ
1-23,@麻宮サキ 様私も何か言われたらこれ使わさせて貰います。,3,Haru Kato
1-24,@hide 1516 それが正解、,2,ゴンた
1-25,辛くても、命を守っているからいい判断ですね、生命が一番、同調圧力は私もあります。ワクチン接種している人も3回また今度は4.5.6となって行って我慢限界が来ます。血管がボロボロでもう仕事は出来無くなります人が増えますよ、そうなって来ると貴方こそ必要な人材になりますから。,8,ゴンた
1-26,頑張ってね,5,木場広
1-27,@PUU BEBE 嘘書かずにはっきり言えば良いんじゃない？私は根拠なくワクチン反対派ですってねw,0,arizono2
1-28,アレルギーあるとか持病があるとか言っておけばいいよ❗️,11,PUU BEBE
1-29,@松岡修三 一番ポリシーない奴,0,arizono2
1-30,@hide 1516 こんなところで惨めに書かずの直接上司に言えば？,0,arizono2
1-31,僕も会社から強制摂取の圧力があります。試薬を打つ気はありません。,13,hide 1516
1-32,@りんごすーぷ 実態も知らずに訳も分からないとか恥ずかしい書き込みやめた方がいいですよ。職場で仕事ぶりが想像できる,0,arizono2
1-33,私も訳のわからないワクチンはうちません❗パワハラには負けません❗自分の事は自分で決める。,20,りんごすーぷ
1-34,@さんうさこ 接種率の方が圧倒的に高いですよ！マトモな日本人が沢山いるので安心しています。,0,arizono2
1-35,向こうの方の抗議の仕方と似ていますね。,9,さんうさこ
2,電車は最初から分かってた。いまだに満員電車が議論にやらない‼️政府、医者、メディアは隠蔽してる‼️と思ってました。,87,丸山一機,0
3,コロナの内容の動画を発信して、皆が立ち止まって考える機会を作ってくれているのだと思います。情報が錯綜したなかで、一人一人が考え答えを出すこと。現代文を読み解くより難しいかもしれないですね。,14,shion okita,0
4,偽物など危険な個人輸入をさせない様に、イベルメクチンを薬屋で販売して欲しい。ワクチンだけの選択肢しかないのは陰謀かなと政府と米製薬会社を疑いたくなる。,259,ヂヂ,24
4-1,@スウ そうですね。主には腕でスパイクタンパクが作られるとは思いますが、全身に回ると思いますよ。全身にスパイクタンパクが作られたとしても、死ななければ良いと思いますよ。私は生き残りました。,0,masmas
4-2,@Takashi M. ある病院からの実例で、コロナ対応したら荊芥連翹を呑むというやり方で、職員からは一人も感染者が出なかったそうです。（病院名は、公表されてません）,0,スウ
4-3,@アッコアッコ イベルメクチンは、保険適用できます。保険の組合までは、許可が通達されています。（昨年4月）でも、医師会までは通達していません。だから処方する医師と、知らなくて出さない医師がいます。このこと話してお願いしたら、処方してくれるかも？です。,0,スウ
4-4,@Takashi M. 素晴らしいコメントありがとうございます。こう言った良質な議論ができて、とても嬉しいです。　返信に時間がかかりますので、また後日、ちゃんと返信させていただきます。,0,masmas
4-5,@Takashi M. 私は、イベルメクチンなんかより、モルヌピラビルに期待しています。,0,masmas
4-6,@ヂヂ ひどいですよね！誰がどう考えても自宅放置なんてすぐ薬のみたい。,6,アッコアッコ
4-7,@ヂヂ 何回コメント書いても消されてしまう。。私の判断の拠り所？としている記事のURLを載せてコメントしていますが、全然反映されません。。,5,masmas
4-8,そぅなんですよね。。こんな事は言論の自由や個人の財産を奪ってるので、法に触れるんじゃないでしょうかね⁉️😤,8,Haru KiKi
4-9,@masmas 教えていただいてありがとうございます！さっそくみましたがウイルスの複製をおさえる薬なんですね。期待できそうですね。これからは新薬に期待します！,5,アッコアッコ
4-10,@アッコアッコ 私もそれを見ました。なので、そういう事例があるのも知っていますが、その因果関係について証明すべきですね。今のところは、証明されていないというのが現状です。コロナの症状は、5日くらいで回復に向かうそうですが、その3 or 4日目に処方されたのでは？等の疑惑はあるかと思います。その、テレビでアピールしていたお医者さんが、頑張って証明して欲しいです。　仕事で例えるなら、、「このアイデア、良いと思うんですよね！周りのみんなも良いって言ってくれていますし」とアピールしているのと同等、と思います。わかっている上司は、ちゃんとそれらの声をまとめて論理立てて説明してくれというと思います。ただ、その意見者の中にその上司が信頼できる人が含まれているのであれば、その証明をすっ飛ばして採用するかもしれませんよね。小さいグループであれば後者で良いですが、全国民にイベルメクチンの効果をアピールするのであれば、前者までやらないといけないのが難しいところです。なので、もう一度言いますが、私は、イベルメクチンが効く、と信じているお医者さんに、頑張って効果を証明していただきたいと切に願っております。,12,masmas
5,流石先生ですねー。論理的です✨✨ちょっと考えたり、観察してたら、変だとわかりそうなのに、どうして簡単に異物を入れてしまうのでしょうね。メディアが反対の意見を全く言わないこんな世の中になるなんて、嘘みたいです。同じ考えの人で、結束するのが重要だと思います。,38,ヘアアクセサリー,0
6,もはや動画再生数の大半が新型コロナの話題ですね。元教え子の私としては、先生しか出来ない質の高い教育動画を観たいです。,50,ただの しかばね,7
6-1,正常な時代じゃないから仕方ないね勉強ストップしてでも伝えなければいけない事実生徒の命守るのが最優先,3,パンダBOYがる
6-2,@masmas 確かに新型コロナ関連の話題は様々な観点からロジカル・クリティカルシンキングするには適した題材ですよね。私はコロナをきっかけに統計学をちょっとだけ勉強するようになりました。そんで先生について、視野は狭い〜とおっしゃる通りで、この分野(または自然科学全般？)に関しては主張内容が普通なんですよね。小論文なら加点は難しい。今回の動画内容もデータや出典元を明確に示せないんで、単なる感想なんですよね。一般人ならコレでいいんですが、昔先生の授業で感激を受けただけに、専門分野を外れれば私と変わらないただの人感を悪い意味で感じているんです。,9,ただの しかばね
6-3,それほど教え子に伝えことがあるのです,10,煉獄杏寿郎
7,私も飲食店より、満員電車の方が感染しやすいと思います。その他に、満員バスや駅、バスセンターに密集していますので、いくらマスクをしていたとしても空気感染をするらしいので感染リスクが高いと思います。,58,本島通,0
8,受験時代、出口さんの参考書を沢山買いました！分かりやすかったです！ありがとうございました！,25,shin ando,0
9,先生、ありがとうございます！素晴らしい優しさがあります、正論です。,5,ゴンた,0
10,先生の仮説は、かなり、信憑性がありそうですね😵感染の決定的要素は、ウイルスの量だそうです🍀,16,太田和宏,0
11,満員電車が感染源だとしたら今頃東京の人全員が感染しても良いぐらい感染者が増えていると思いますよ。,39,mino ritz,6
11-1,もう全員感染してるし治ってるだけって考えるのが自然。普通に一年半も感染を交わし続けるなんてほぼ不可能でしょw,6,みかげゆずき
11-2,安保教授の動画は見たことあります。素晴らしい方ですよね。,5,mino ritz
11-3,本当の感染源は難しいですね。お金なんか誰も消毒しないだろうし、第何波と言う形でわざわざ新しいのが出てくる。逆に出てこなければすぐに終息する。これは、誰かが意図的にやっているのだろう。ケムトレイルも関係しているかもしれない,5,mino ritz
12,ワクチンの後遺症が発生するリスク(確率)とワクチン未接種による感染リスクと後遺症が残るリスク(確率)どちらをとるかは個人の選択の問題と思います。,56,松下syber,0
13,人口動態調査の速報値がとんでもないことになっています。時期的にワクチン接種が開始された時期と一致します。,38,菅野忠弘,0
14,とにかく正しい情報の開示なしに我々は判断のしようがありません。科学的根拠をもった情報を求めます。,31,宮川葉子,0
15,芸能人、スポーツ選手がかかったと報道して自分もかかるかもしれないと思わせる　田舎ほど絶大な効果　田舎の若者なぞそれこそ打つ必要がないのに,11,Cynical Spere,0
16,コロナが拡大したあたりから、感染源を電車じゃないかと言うのはタブーみたいな雰囲気がありました。証拠がないからっていいますが、飲食店をこれだけ締め付けても減らないのであれば、もうお分かりだと思います,7,Yunchanel K,0
17,コロナ時代のストレスを日本の中でお互いにぶつけ合う状況が悲しいです。菅総理を叩く、都知事を叩く、誰かを叩く。叩いてもなにも変わらないし、むしろ先頭を切る人たちのモチベーションを下げて、より非効率な社会になっているような気がします。批判をしてはいけない訳ではないけど、最近の日本人はストレスのはけ口を他人にするのはやめるべきと思います。,65,小村寿太郎,8
17-1,@松平一郎 様　おはようございます　コメントを読ませて頂き有り難うございましたね,1,むとうみお
17-2,@村岡! 様　今晩は　初めまして　貴方様のコメントを読ませて頂き有り難うございましたね　　最初は2回打てば　終わると思って居た　でも状況が変わって来た　政府は慌てて居る　人のせいになってしまって居るのでしようね　何よりも　良いと思ってやった事が　裏面に出てきた　病院の逼迫　打てば感染者がへる筈❓　症状が変化　テレビ📺❇️に出られた医師達の発言が一番大事だと　此からは責任を持って発言して欲しいですよね　菅さんは　医師ではない　国民の命を助ける事　はできない　この人はお金の援助しっかりとやって欲しいですよね,2,むとうみお
17-3,但し、総理大臣、知事は公人ですので、政策内容で批判されるのは、当たり前です！又、その逆もありです！,10,正義真実
17-4,人間的に幼いのでは？,6,村岡!
17-5,叩き先を間違っているのではないでしょうか？叩くならダボス会議などでしょう。日本の小者をいくら叩いても世界的な流れに逆らえません。彼らの想定内、思う壺です。最低限、茶番の根源を明らかにして周知するのがいいような気がします。,10,Q R
17-6,批判と批評は違いますからね。,7,inoba origin
17-7,その通りですよね,7,むとうみお
18,自身も感染源で一番多いのは電車だろうと始めから思っていました。人の往来を止めるにはロックダウン以外には無かったと感じていました、今更どんな政策を考じた処である程度の犠牲者は確実だと思います。🙇,6,もしかしてマホ-レ,1
18-1,海外の事例ではロックダウンは効果ありませんでした。経済が停滞し、失業者が増え弱者が益々困窮し、結果ロックダウンで感染拡大は防げていません。,2,rin coco
19,自分の20歳代の同僚がワクチン1回目接種の３日後から脇の下が痛み出してリンパ腺？にしこりのようなものができて違和感を一週間感じているそうです。,5,Allure Phil,0
20,ユリちゃんが、電車の最終時間短縮とか言った時、かえって密集作ってると思った。営業時間の短縮 って言うけど、絶対数は変わらないとすれば、密集に近づき感染リスク高まるなんて、子供でも分かる話なんだけどね。お店にしても、人数制限して時間延ばしてあげれば良いのに、病は気からとも言うし、自宅待機ばかりでは病気に掛かり易くなりそうです。ただでさえメディアが、毎日毎日 567は恐いぞオーラ出しまくっているから、たちが悪いです。皆の心が元気になって、567に打ち勝てる日が来ると良いですね。今までのコロで休む人より、ワク後の休む人が増えています。この 現象に違和感を感じています。誰も感じないのでしょうか？ありがとうございました。,12,中道心空,1
20-1,お店の営業時間の短縮については同じ意見です。営業時間を減らしたからって、来客数が減る訳ではなく、減らした時間内に集まってしまうだけで、意味がない。意味があるとすれば、従業員さんが早く帰れるくらい？,1,ヒデキ
21,現代文の解説動画が見たいです,2,M Mura,0
22,動画内に少し不安になるご発言がありました。「大騒ぎせずに、大抵の人は気をつけて（酒を）飲んでる。だからそこで感染が広がるというのは普通に考えてありえない (8:54) 」というご説明がありましたが、「デルタ株」の空気感染力を考えれば、普通に考えて「ありえる」と思います（デルタ株ではデバ地下でさえ、通りすがりで感染する状況ですからね）。また、本当に気をつけている人は「飲みに行かない」と思います。あと酒に酔いながら、相手と会話が進む状況で、つまみをシェアしながら・・・ということが一般的だと思いますが、その状況でコロナに気をつけてながら静かに飲むってことができる人がどれだけいるのでしょうか（まだ電車の方が、しゃべっている人少ないように感じますが）。。。デルタ株の空気感染力を考えると、（感染者を増やさないという目的に立てば）、満員電車もそうですが、飲みに行くのも控えたほうがよい（自宅飲みか、Zoom飲み）と思いますよ。,7,黒猫ＡＢＣ,0
23,配信どうも有難うございます🌸🤗沢山勉強します‼️‼️,1,ちりめん　じゃこ,0
24,電車は確率的にどうか？と思います。病院や施設にいる高齢者は電車にはほとんど乗らないからです。家庭内や病院、高齢者施設のほうが圧倒的に感染源の可能性は高いと思います。特にトイレが怪しい。,33,ベツレヘム雅一,4
24-1,@frippertoronics 様自分は東京住みですが、駅から徒歩圏内に普通に老人施設はありますよ。駅から離れている施設もありますが、そういう所は駅から施設までバスを利用します。老人施設への自動車通勤は見たことが無いです。施設にはそもそも職員用の駐車場が無いところがほとんどです。,2,アルジャーノンに札束を
24-2,老人ホームなどの介護施設の職員は自動車通勤が多いと思う。駅ちかに老人ホームないですよ。,5,frippertoronics
24-3,東京の電車通勤は地獄ですよね...あんなの毎日よく行くわと思う。確かに東京の満員電車ならうつりそう....最初の頃から電車で皆んな通勤通学してたけど増えなかったけどね。電車より夜の飲食ですよ。最近シールドは反対に空気の循環悪くすると言ってます。検温も意味ありません。なのでレジのシールドも外す所多くなってます。宴会？もってのほかです。換気です。,4,Riぶろん
24-4,電車通勤する職員の方もいらっしゃるでしょうから………  電車内でウィルスを貰った職員さんが勤務先の病院や施設でばら蒔くのかもしれませんよ。,8,アルジャーノンに札束を
25,「感染しないように」ばかりを耳にしますが「陽性にならないように」に置き換えてコメントさせて頂きます。これだけ「陽性者」数が増えれば、誰もが陽性者と考えて行動する事が大事でしょう。つまり誰もが次に発症する可能性を秘めているということ。もう枠珍接種の有無は関係無しという事で。発症したら即休む。発熱したら「熱を下げない」発症初期にはとても大切です。保健所はあてになりませんし、お医者さんにかかれるかどうかも分かりません。自分の免疫機構を助けてあげて下さい,7,chieals9,0
26,私は満員電車はなるべく避けていますが、通勤ラッシュ時間帯にどうしても電車に乗らざるを得ない人は多いですよ。総ての会社が時差出勤を導入して、満員電車にならないように配慮すべき。自治体の長は、個人に対してではなく企業に対してそういうことを要請してほしい。,4,一平太,0
27,いつも一意見として参考にしてます！その上で満員電車が感染源として高いというお話ですが、東京以外の地方では満員電車なんてほぼ皆無です。でも、感染者は全国で広がってます。沖縄なんて、感染率は東京以上になる日もあるかと。やはり飲食店などの飛沫がまう方がリスクが高いと思います。,9,よーさん,1
27-1,愛知県名古屋市守山区在住ですが、愛知県は別の意味で満員電車（勿論都心部の公営地下鉄交通やJR、民鉄は満員電車ですが）と無縁の方々が居ます。クルマです。TOYOTA、三菱、HONDAの工場がありますから,0,裕也 中田
28,ずばり！「満員電車」ですね。これ以上感染率が高いものはほかにありません。こんな簡単なことに、なぜみんな気が付つかないのだろう。,3,masato,0
29,前に行っていた会社の知人が電車でコロナに感染したそうです。若い人だったので軽症で済んだみたいですが彼は家と職場の行き来だけして遊びには行ってなかったそうです。感染源は朝の満員電車の中だったのでは無いかと結露付けしていました。本人が気をつけようにもこれじゃあどうしようもないですよね。私はまだ仕事はしていませんが次に働く所はなるべく近くの電車に乗らないで行ける会社を探したいと思いました,2,ひろっぴ,0
30,正確な情報を発信していただきたい。満員電車も怖いですね。おしやべり禁止！ウレタン、布マスク禁止！,4,敦,0
31,やっぱりそう思っていたんですよ　あの混み方でうつらない方がおかしいと思ってましたよ　何故それを公表しないのか不思議ですね　飲み屋より怖いと思います,2,木場広,0
32,先生のお蔭で、私は受験を乗り切れました。うちの（読解が苦手な）息子も、先生のお陰でだいぶマシになりました。本当に有難うございました。,1,はー ひー,0
33,満員電車・バスはもちろんだと共感致します。しかし、私は田舎に住んでいます。ほとんどの方々がマイカー通勤ですが、施設や飲食店や学校(学童保育)での感染が目立ちます。ニワトリと卵のどちらが先？の様に感じました。,10,山源商店,0
34,自分の周りでは、女性でモデルナアームになった方、100%ですよ。酷い人はやはり痛みがあると言っていました。皆接種後1週間後に赤みや腫れが出始め、痒みを伴う方が多く、そこから2、3週間は症状が続く様です。接種が進んだ事により、ファイザーでもモデルナでも、インフルエンザ程度の症状が出る人もよく聞く様になりました。20代の職場の男性は、高熱を2、3日出したと同時に食べ物の味もしなくなったらしいのですが、今でも味覚障害は残っているそうです。,7,T YK,0
35,私も一番の感染源は満員電車と思います、花粉症も防げないマスクをして対策していると勘違いして満員電車に乗りネズミ算で感染者増やし公共交通機関止める事出来ないので飲食店のせいにする。いい加減わからないのかな日本人は。,18,健二,0
36,電車の中でマスクを外して会話をすれば先生のおっしゃるとおり感染のリスクは高くなると思います。,9,松下syber,0
37,目標数に達しないと、地震が…と感じるのは自分だけかなぁ😞,29,dmw ajt,1
37-1,鋭いですね。,0,武田賞司
38,飲食店、パチンコ店などは客が変わるたび消毒してますよね。その点、満員電車は徹底した感染対策は不可能でしょう。体調悪くても使用せざるを得ないし、もしかしたら感染自覚者がゲリラ的にあちこち触りまくることも可能。何せ不特定多数、三密の極みですからね。頷ける話しだと思います。,48,ピタさん,1
38-1,パチンコ店はタバコ対策で換気が徹底している。通常の飲食店にはないような換気装置があるから安全。パチンコ客はおしゃべりしないし。パチンコ店の店員が感染してクラスターとかないだろ。飲食店はクラスター発生しているけどね。満員電車は厳しいだろうな。いくらおしゃべりしないといってもゼロ距離じゃ感染するだろ。感染したくなければ満員電車には乗らないこと。,4,frippertoronics
39,質問コロナウイルスのリスクと薬害のリスクを厚労省は、伝えてますか？,2,ropos TETE,0
40,先生はお立場もある中で勇気ある発信をされてて尊敬します。私もワクチンについては慎重に考えています。しかし満員電車説は、私は違うような気がします。というのも、私も昨年末に仕事を辞めるまで電車やバスを使って通勤していましたが、感染したことはありません。また、夫は毎朝毎晩、東京の満員電車に乗っていますが、やはり感染したことはありません。仕事も対面でかなりたくさんの人たちと接していますが、職場に感染者が出たこともありません。,5,marthymarthyable,0
41,満員でも通勤電車は周りに知人がいないので、おしゃべりしない。実際シーンとしています。だから今まであまりそこでの感染はなかったのでしょうね。でもこれから感染力強い変異種が多くなったら気を付けないといけないですね。,3,T rie,0
42,人口当り一番やばいのが東京よりも沖縄なので、電車の可能性は低いかなとは思います。一応、沖縄にもモノレールがありますけどね。混みあってることはないし。,51,a s,3
42-1,県外の観光客が沖縄に結構来県してます。居酒屋やショッピングモールも観光客で溢れてますので電車も一理ありと思いますね。,5,パグぶるお
43,労災が申請されたら国が破綻するから隠蔽してるんですかね？？,12,いけサン,0
44,もし満員電車が感染源だったらとっくに感染爆発してますよ。もう１年半以上経つんですよ？満員電車でなぜ感染爆発が起こらないのかは以前から言われておりました。,22,JENSON&JENSON,1

45,満員電車はほとんど喋る事が無いからなあ・・満員電車クラスター説はちょっと違う気がします。,15,taro atom,0
46,出口先生、小学校に勤めているので、31日に2回目を打ちます。同僚にはかなり高い熱を出した人もいれば、まったく副反応が出なかった方もいます。不安もありますが、たくさんの子どもと触れ合いますので、できるだけのことはしておくことが必要だという判断です。,8,菊池健一,3
46-1,小中高等学校にお勤めの方感染にはくれぐれもご注意ください。ハイリスクな環境の中お勤めご苦労様です。,0,golf 2
47,感染源について推測や憶測で話すのは危険だろう。この発信の責任はしっかりと取る覚悟をもっていますか？電車通勤者やその家族、会社の高率感染を証明しないとこういうことは言えないだろう。,3,kminto8,0
48,あぁ　そうでしょうね…　初期に客船で大規模な感染がありましたが、専門家によれば主な原因はエアゾル感染のようだと…エアゾル感染によるのであれば、やはり満員電車は危ないですね…うーん、人の集まる場所は全て危険ですね…あと、ワクチンによる後遺症がある、とは初耳でした。いろいろ教えてくださり、参考になります、ありがとうございます。,10,dust w,1

49,リモートを推進してる段階で電車が原因だと認めてるようなもの。,10,tun tun,0
50,昨年の４月は徹底的なテレワークが出来ていた会社も、以降の宣言では最低限のテレワークしかしない。9割テレワーク出来る会社が今は7割しかしない。経団連は感染予防に非協力的なのに政府は何も言わない。,25,damjwgt pgtjwamd,0
51,ワクチンを打つ前の生活は、健康的でした、免疫力が低い血液型で、打った7月、8月の期間中は、熱こそでませんでしたが、からだがだるく、自分なりの粉末ドリンクつくり、血液浄化、血栓症作らないような努力しました。おかげさまで、酸素濃度も、99で、回復し、元気とりもどしました。,1,きたがわめぐみ,0
52,3:54 大学入試共通テスト（我々の頃はセンター試験と言いました）ならば5択で、客観的な正解がただ1つありますが、世の中の現実的な問題はそうではないですよね。十人十色、千差万別、森羅万象の問いと答えがあると思います。,13,Koko Su,0
53,電車、バスを止めるわけに行かないから言わないだけというのは分かります。狭い酒場も酔っ払って大声で口角泡を飛ばして叫ぶ人が出てくるとリスクは出てくるかなと。（静かに嗜む程度で、光触媒コーティング等の設備が行き届いていれば全く問題なしですが）密閉したイベント会場もテンション上がって叫ぶ人がいると怪しい感じがします。,3,香川英行,0
54,普通に考えて、電車や飛行機、バス等、密に成りやすい場所で感染リスクが高まるのは当たり前。,2,sassy appo,0
55,電車の本数増やして人流を減らすべき,18,弥勒,0
56,満員電車が感染 怖いですが、毎日仕事で電車通勤しなければ生活できないです。,11,こむぎ・ちゃむ,0
57,いや～。身も蓋もない話ですね。皆さん薄々感じながらも考えないようにしていたことじゃないかと思います。万一この話が事実であれ風評であれ人々の間に広まったら”どえらい”ことになるのではないでしょうか？,3,Abon,0
58,初めまして、集団感染ではなく、集団免疫ではないでしょうか？,28,studio M,1

59,満員電車で会話する人がいないことによる関連はどうなんでしょうか？ 飛沫感染以外による感染源が分かれば教えてください。お願いします。,4,xinzo ave,1
59-1,当然接触感染もあるでしょうね。何せ不特定多数が一気に集まる所ですから。でもだからといって極端に怖がる必要は無いと考えます。気になりだしたらそれこそ防護服を着て出歩かないといけませんからね。,5,まつぃこうじ
60,満員電車と満員バスだな。私もそう思ってた。だってコロナ以前もこんな満員電車乗ってて風邪遷されないほうが不思議だと思ったもん。大都市が感染者が多いのも単に居住人口が多いからだけではなく満員電車になる率が必然的に高くなるからだろうな。テレワークて言っても中小零細じゃ厳しいだろうし、職種によっては不可能だろうし、生活のために治験者になって怪しいワクチン射って、感染リスクを背負い満員電車に乗るわけだ。辛い現実だ😢,1,q kiriko,0
61,満員電車は会話をしないから飛沫が出なくて感染しにくいと聞いたけど…、デルタの感染力だとマスク越しに吐く息でもありえそうな気はしますよね。電車の中では話さない、呼吸も口閉じて鼻呼吸にする、とかみんなでできたら変わらないかな？,5,らら,1
61-1,電車内での呼吸だけで感染するのなら、もっと感染者多いでしょう。コロナ感染者の多さに、飲食などを控える人が多くなったから？減少傾向になっていると思います。電車の混みようなどは、全く変わっていないし。ただ、空気感染する場合もあるので用心したほうが良いでしょう。感染力、アルファの1000倍なので。,0,1999にゃんた
62,私は25年前に井上正康大阪市立大名誉教授になられた先生が新型コロナウイルスはインフルエンザより6倍きついけど死ぬことは少ないといつておられます,1,橋爪広樹,0
63,有名国公立大出の看護師姉が電車飛沫は飛ばないから大きな感染源にならないていってた俺はずっと満員電車の危険性訴えてたのに,3,太郎山田,0
64,病気が流行している次期にワクチンの接種はしてはいけないと江戸崎気功さんがniconico で話してました。,0,らっきぃまりも,0
65,満員列車はリスクに思えますし、私も避けるようにはしています。ただマスク着用がかなり徹底されている日本において、列車は飛沫感染リスク自体は低いです。単なる人の多寡で、飛沫感染リスクの高い飲食と比較し議論するのは、少々論点がおかしい様に思えます。,3,nyankichi,0
66,私も満員電車が一番ヤバいと思ってました。,6,中田洋二,0
67,電車クラスターという単語だけは何故かメディアは流さないんですよね。打った人からのシェディング(抗原曝露)で打ってない人が蕁麻疹になったり。,1,よこいち,0
68,先生、そりゃ、間違いだ。ワクが効くか効かないかはこの時期には判断できません。病気というのは季節要因が無茶苦茶でかい。季節の変わり目、猛暑、厳寒期には、病人は重症化しやすいのなんて医療の常識。そこをガン無視で今のコロちゃん、ワク騒動はやっている。もう予言してあげるけど、これから徐々に重症者、致死者は減ってくるよ。で晩秋にまた増加を始める。俺は、元医療関係者として、それだけでも茶番やな、これ、ってしか思いません。この冬、普通に今みたいな検査とか医療体制でやるのなら、社会の混乱はさらに深まるだけだと思います。で、その電車説もおかしい。というか、電車もあるが正解でしょうよ。テレビが言うような感染率、感染したら重症化するような話なら、それこそパンデミック状態でないとオカシイ。重症者が街で急に倒れたりしていますか？見たこと無いわ、俺は。あと、まともな情報なんて庶民には絶対におりてきませんよ。ただ、多くの情報から矛盾点は気づく人は気づくだけ。一番説明がつくのは体調不良者におみくじ検査をすりゃ、一定数は陽性になり、一定数は重症化しているってだけです。季節要因でいままであった傾向となんも変わらんのがその根拠です。そりゃ、重症者も致死者もいるって。だいたい、当初、肺炎って話だったよね。それが、いつの間にか主症状が風邪症状と区別付きません、熱中症とも臨床の場では診断困難な場合があります。あと、血管の病気かもしれないし、胃の病気かもしれません、ってなんだよそれ？っていう状況なんですけどね、現状。普通に考えりゃ、今言っているマスクぅー、自粛ぅー、ワクを打てぇーなんて、意味のねぇー事をこの世界はキチガイみたいにやって、アホらしいって思っている連中との分断を起こして、人間関係の分断、経済苦も含め、ストレスで免疫の働きを下げる愚策を続けているだけ。,21,J I,0
69,テレワークになってからインフルも風邪もひいてないので、満員電車で貰ってくるのはデフォでしょう自分は研究職で顧客との会話も同僚との会話も少ない(昼はいつもズラして取ってたので人もあんまりいない食堂や自席弁当)もう満員電車しか考えられないと当初から思ってましたね自分はまだ接種してないのは、任意集団との接触が激減したから、という環境が決め手ですが、今回の新コロに関しては変異株の情報含め、まだまだ研究結果が続々とあがり続けているからです会社で使うソフトウェアも、新しいソフトウェアより、古くから使われて実績のあるものしか使いたくない。そんな性格から来ているのかもしれません(笑),1,Do Take,0
70,個人にそんな判断できるわけないよ！,3,鈴木栄,0
71,何！？これって意外な話なの？100%電車だとおもってました(笑)解らないで電車乗っていた人は勇者。,8,ピンピン,0
72,一席空けて座って下さいって場所が当たり前のこととなっている中で、電車やバスは大丈夫だから詰めましょう。なんてね。ちょっと考えれば分かるけど…利用者に罪はないね。,7,ターさん,0
73,電車だけでなく、バスも危ない。乗っているとき、乗ったあとにはノドスプレーがいいと思います。,2,加藤法林,2
73-1,電車もバスも、毎日乗っています、しかも、いつも満員ですしマナーが皆さん守られている為大丈夫ですね。,1,cat momoko
74,電車に乗らない沖縄が日本で一番感染が多いと…😅,2,仲村望,0
75,満員電車、人込みは圧縮空気を必要量持参し吸気すれば問題ない。,2,K Max,0
76,満員電車が原因ですね(ΦωΦ)私もそう思います。,2,成田博,0
77,最近では、空気感染を言われていますが、ダイヤモンドプリンセスもそれが原因だそうです。空気感染とすれば、外気を大量に取り入れるか、常にウィルスを殺す効果のあるタイプの空気清浄機をバンバン使うしか方法が無いでしょう？,1,スウ,0
78,電車って今は窓を開けて換気はしてないんですかね換気して、みんながマスクして黙ってしゃべらなければそんなにウィルス飛ばないように思います会社や自宅に帰ってから手洗いすれば大丈夫じゃないのかな飲食やお酒はマスクを外すから危険な感じがします,1,るんるんぶりっ子,0
79,接種して死亡した原因究明がやらないのが、おかしい?,7,川平健之,0
80,重症化と飲酒の関係性をお調べいただけないでしょうか？,2,mandai0306,0
81,そら電車とバスだろうよ電車もバスも経団連絡みだから言わないよ飲食は政治団体ないからイジメやすい,42,鉄,1

82,電車は十分あり得ると思います！,6,小宮岳大,0
83,去年のコロナの出始めの頃は電車は私も電車はヤバそうと思いましたが、あの都内の満員電車という劣悪な環境にも関わらず、コロナ陽性者が幾何級数的に増えないのを観ていると思ったよりも満員電車も感染リスクは低いと思いました。電車内の密接リスクよりも車内や駅構内の手すりやトイレといった皆んなが触れる箇所の方の方が危険なのかなと。職場の更衣室のロッカーがクラスターの原因ってのもありましたし。,4,ただの しかばね,0
84,満員電車だったら、もっと10倍位の数になるのでもちろん可能性はあるけど、話さないから飛沫とばないし、確率的に一番ではないと思いますが。飲食店で、皆だまって食べてるのは一部です。私が外から窓からみる限り友達同士がマスクせず話してますよ。あと、食べる時、食べて話す時に飛沫がとぶんだと科学者？がテレビで前に実験してました。飲食店の方々には申し訳ないですが、やり玉にあげられてるのではなく、いくら感染予防をされてても、ウイルスが敵である以上やはり危険な場所にはなります。なので、満員電車を使わざるおえない庶民がいっぱいいる中で、自由に行く飲食店は大丈夫で、話さない満員電車が問題というのは想像にすぎないのでは？,4,アッコアッコ,1
84-1,外呑み大好きな私も残念ですが、やはり飲食店の方がこわいです。,2,golf 2
85,「満員電車はNG」で「飲みはOK」というご説明だと思いますが、飛沫感染の危険が言われているデルタ株では特に成立しないと思います。「Zoom飲み、（一人で）自宅飲み」ならば、成立すると思います。まあ「タイトル」の付け方から、半分炎上覚悟の「視聴者数稼ぎ」と「リンクによる誘導」が目的だとは思いますが。。,2,黒猫ＡＢＣ,0
86,そのとうり、伝染力は低いですが窓のあかない密室、多くの人との密着！空気感染ですから！免疫力の弱い人に感染し、行動範囲内の人にばらまくのは当然です。それから夏になれば急激に感染者数が減るはずが減らないのは空調によるものでしょう。部屋の空気を吸い吸い込み効果のないフィルター（雑菌程度の殺菌！）を通じて吹き出せば、ウィルスは空間を再循環しf吸い込むだけでなく、衣服やデスクに付着するでしょう。パニックになるほどではないにしても、そういうものだと知っておくことが必要でしょう。せめて車内や職場の空気は、空調ではなく、すべてダクトで外部に排出することでずいぶん感染率は低下するでしょうな。,3,hitori yodogawa,0
87,電車で感染なら電車止めたらいいんだよ!,3,よっちゃん,0
88,情報ありがとうございます。私立に電車で通っている、娘が、心配です。,0,mina,0
89,電車❓もう一年以上毎日乗ってますけど大丈夫ですよ。ようは免疫力じゃないですか？,11,レインボーライト,0
90,集団感染は不可能って、なんですか？もっと勉強して下さい。,2,チャロチャロ,0
91,公共交通を全て三ヶ月止めてみる。一時期減るかも、,3,堀保,0
92,満員電車も考えられます！！それを認めると電車を止めなければなりませんから、人流抑制といってるかもしれません。しかし、混雑した電車で会話をしている人見かけません…、ので、飛沫での感染はどういう経路で?　と言う疑問が出てきます。,0,中村とし子,0
93,これからもっとひどくなったら電車の時は　ガスマスク　かな!　初めに　装備した人は職質されるよね　変質者扱いだろうが　装備当たり前に　なると　正常者　に　チェンジか　今度やって見ようかな?,0,レイリーです,0
94,ラムダ株って感染者の9割が無症状らしい,11,SDK41,3
94-1,@SDK41 　困ったもんや河野太郎はんはなんもしらへん。,0,佐久間周
94-2,@佐久間周 知らんがな,1,SDK41
94-3,おそらくですが、一億人では、一千万人が発症するの？ラムダ株で？ではデルタ株は？,1,佐久間周
95,電車ですかね？皆マスクして会話しない電車が主な感染源だとしたら、今までの常識が全て覆る衝撃です。,1,teknogot,0
96,電車で感染？　空気感染ですか？　もしそうなら、感染者数はこんなもんでは済まないはずでは？？そもそも電車内、ぴーちくぱーちく、しゃべる人とかくしゃみひどい人、たくさんいますかね？,5,黄金の龍,0
97,満員電車？違うと思うよ。田舎は満員電車なんてない。沖縄県はモノレールはあるけど満員電車なんてないわ。エアゾール感染なので満員電車だけが原因ではない。,1,Neko Kirakira,0
98,満員電車、毎日乗ってますが、一度も感染してないです。,0,T,0
99,🦠華🦠民共🦠国です　って言うのかと思った,3,イップスした草ヴァーさん,0
100,感染と言っているけど感染ではないでしょう？感染したといっている人から、ウイルス検出されているの？誰もウイルス見たことないでしょう？,2,小野ono,0
101,何の疑いもなくお上のなさることに羊のごとくつき従う国民性、お上はやり易いだろうなあ,2,蘿ピスラズリ,0
102,絶対満員電車やバスだよって自分も前からずっ〜と言ってた〜🦠(笑),23,yoshi man,1
102-1,いや私は、毎日仕事でバス、や電車に乗っていますが、今のところ感染は、していません、菌が見えないだけに、そう決めつける事は避けたいですね、確か大衆の中にいる事は、気をつけて行動を取る事は、大事ですが電車に、乗らない方が、感染している、年寄りもいますので。,5,cat momoko
103,コロナがはじまつた頃にテレビで電車が危ないてゆーてたけど実際なったら圧力かかって報道できひんて事かな？,0,一風,0
104,お金って意外と汚いんだよね。色んな人触ってるし…。買い物先は消毒あるし、入る時も出る時も消毒忘れずに出来るからいいとして、例えば自販機で飲み物を買っても、消毒と うがいしてからがいいなと思い、結局買っても帰宅するまで飲めなかったりする(  '-' ),3,みなぺそ,0
105,数値的に説明しましょう。全くもって、非論理的。,3,1999にゃんた,1
105-1,もっと前提の話をしてるんやで,1,nickりん
106,文学研究科…やれやれ。,2,Sekiyan Kazu,0
107,電車？私は満員電車に乗らず、朝早く出勤し早く帰る、時差通勤です。しかし、電車で移るなら今頃数百万単位の数になってるはずです。マスクして無言ならそんなに移りませんよ。,25,いまわのゆうしろう,1
107-1,そうなんです。電車ではないです。,4,Riぶろん
108,バスもある、タクシーもある、エレベーターもある、公衆トイレやオリンピックもね。,0,Yumiko Hosokawa,0
109,唾液に死んだものがいるだけの無症状の陽性なら理解できるが、会話しないので、数が飛び回らなく、発症には至らないと思う。,0,K O,0
110,電車🚃内では、手袋しましょう,5,真摯一護,0
111,重症化を防ぐ効果があることはあきらか・・・本当にそうでしょうか。デルタ株と言われるものが、従来のタイプよりも弱毒だ、というだけかもしれません。それよりも、高齢者の重症化していたであろう多くの方が、接種によって亡くなってしまっていたとしたら・・・,5,yodakii,0
112,満員電車で感染したってウイルス見える人なのかな？！しかも内緒しろと言われた機密情報をここで話すんかーいwww,8,たまきち,1
112-1,もし本当の事でしたら、機密情報を簡単にバラすような人は信用してはいけませんし．言っている事を信じてはいけません。正義と反対の時は別てす‼️,1,正義真実
113,間違ってる　分析能力がとぼしい,2,古井戸忠,0
114,諦めるのが一番❗️,26,wild is the wind,1
114-1,そうかもしれません。David BowieのWild Is The Wind を聞きながら寝ちゃおう。,4,Abon
115,歯医者は！？感染者いないの！？直接口にさわるのに,0,ラーメン味噌,0
116,このような方が佐鳴予備校のＣＭ講師なのですね,4,Ken M,4
116-1,@cat momoko オーム真理教もそうでしたね笑,1,arizono2
116-2,@arizono2 本当に怖いですね、洗脳される事は恐ろしいですね。,1,cat momoko
116-3,毎日電車や、バス通勤されている方も、いますので、毎日元気していますよ。,1,cat momoko
116-4,洗脳されそうですねw怖い怖い,1,arizono2
117,「集団免疫」では？,20,野田宜弘,0
118,あなたを、頼りにしてます。🐷愛ある人を信じます。🐯,23,伊藤力,0
119,こんな死亡データーもあるみたいですしね,0,孫五右衛門,0
120,私は，先生を国語の授業者として尊敬しています。しかし，授業以外となると，先生が，まるで『カラマーゾフの兄弟』に出てくる大審問官のように思えてなりません。最高位にある聖職者が，考えに考えた末，キリストを異端として処刑してしまう。先生の発言には影響力があります。先生の発言で人は安堵し，先生の発言で人は新たな脅威に幻想を膨らませます。苦しむ人が増えます。どうか，先生の授業のように，人に勇気と生きる知恵を与える発言をお願いします。,3,伊藤J,0
121,普通にそう思いますが。それが仕事場→飲食店→家庭→満員電車→仕事場･･･のループになるわけで。加えて、あの通り自粛しない若者たちが至る所で振り撒いてることも事実でしょう。沖縄などは単純に県外から観光等で持ち込まれ飲食店でクラスターでしょうね。だって遊びに来てるんだから飲食店行きますよね。このウィルスが本当にどこまで脅威かはよくわかりませが、人流ある限り消えませんよ。夏場でこの状況ですから、ワクチン接種が進んでも秋冬はね･･･言わずもがなですね。,0,YYshiねこ,0
122,自分は、2020年5月から、満員電車が発生げんだから、電車車両2つふやしたり、通勤時緊急車両増やして、密にならないようにした方が良い！あとは、会社開始時間ずらすしか無いと、いってます,0,ツトムナカジマ,0
123,イベルメクチン買っといた方が、いいと思うなあ  ☝,1,ヒラメキ✴ねこ太郎,0
124,あとは、空から撒かれてる？有り得ると思います😚,19,うさぎ,6
124-1,これなら沖縄で拡がるのも納得しますね。,4,吉原博文
124-2,空から菌が！,1,イップスした草ヴァーさん
124-3,朝とか昼間夜も撒いてると思う。知ってる人は知ってる,2,TAEKO
124-4,@TAEKO 都心での低空飛行も気になります。ちょうど昨年から… 撒きながら飛んでいたりして…知らんけど。,3,うさぎ
124-5,ケムトレイル！,4,TAEKO
124-6,毎日ケムのように、あさから撒いてます。本当に 酷くなって来た。,3,dmw ajt
125,1:50集団免疫って事ですかね？？,5,taro atom,0
126,なんか最近若干釣り気味のサムネで胡散臭くなってきたから悲しい、、、,2,今井ひろし,0
127,恥ずかしい,1,toshi sa,0
128,当然そうでしょ車の人はほとんど感染してませんよ,6,こころのままに,1
128-1,車の感染者は多いですよ！多分、マスク外したり、キスしてるんでしょー。感染ルート、車内は良く見ます！,1,花火花子
129,ワクチン打つ打たないは自分の判断と言うからにはあなたのような専門家でもない人があれこれ言わないほうがいいと思う。,1,peacefullmaker,2
129-1,@Hiro yuki アンタには聞いてないが？,0,peacefullmaker
130,みんなでアジェンダ21に立ち向かおうや。,2,みやしたひでゆき,0
131,1番感染源をなっているのはトイレでは？田舎の電車のないところでも感染者が出るのを説明がつきません。,0,とんかつ大好き,0
132,世の中で一番議論されていないのは、性行動です。セックスの時の感染対策はないでしょう。コロナが収まるまで同居している特定のパートナー以外とはセックス禁止などとは言えないでしょう。多くの人、特に若者が守れるとは思えません。飲食店を締め付けても、日本を含め、世界の多くの国で感染を抑えるのが難しい理由の一つがここにあると考えます。,1,福間資朗,0
133,明日から出張😭😭😭😭,0,ちりめん　じゃこ,0
134,日本大丈夫か、,4,まさひろ にしじま,2
134-1,うーんなんとかなるっしょ,1,イップスした草ヴァーさん
135,電車でもマスク着用全員がしてますが平気で話している人がいるからか黙っていても息するだけでマスクすり抜けて感染するとお考えでしょうか？,0,角金秀幸,0
136,テレビ マスコミ 政府 でしょ‼️,0,torque,0
137,空気感染が主なら電車で感染しないはずが無さそうです。しかし、体内に入るのはACE2受容体から入ると聞いているので、空気感染でACE2受容体に入るメカニズムを知りません。そんなことがあるのでしょうか？解る方がいらっしゃれば教えて頂けませんか？,0,jinまおー,0
138,満員電車🚃🚻🚻🈵はもうオワコンですね。,0,トムリンタウン,0
139,現在感染した患者の人は日本人だけでは無いはず。外国人もいるはずですよ。何故、感染者の国籍をも発信しないのか？特段の事情により何万人もの外国人が入国しているではないか。この様な事を何故発言しないのか。,2,ドンドンカチカチ,2
139-1,@O E 定かではないが今現在コロナ感染であたふたしている状況て海外、特にc国からの入国が多い、またk国しかり、 特段の事情とやらで何故海外からの入国を制限しないのか？制限するべきですよね。入国都心部に集中して多い、又、入院患者に日本人以外に外国人もいるはず。厚生労働省は当初の時点から新型コロナに対する情報発言を国民にしていない。実際、初期段階に処置を施せば治る国産の薬を承認しない、不思議です。国民の生命と安全を守るため最善を尽くすのが我々の一票で当選した議員の責務ではないですか。,1,ドンドンカチカチ
139-2,鋭い指摘ですね。私も同感致します。某国民ばかりだとしたら？,1,O E
140,自分は満員電車で何で感染者が出てないのか7月に県庁に電話した事があります。県庁の方もそうですねっと言ってました。この動画今日9月3日夜9時半頃見て納得しました。満員電車の感染はふせてあるんですね。でも大事な事なので電車が止まって困る方々が何万にんといるかもしれませんがコロナ感染拡大の原因の１つであれば公表はするべきだと思います。,3,しょうしょう,0
141,電車ですかぁ。換気もしてますし、話してる人もいないですし、どうかな？たまに同僚同士らしき人達が話しているとマスクはしててもやっぱり近くには居たくないですよね。,0,のりこ,0
142,1つになってるな。なかなか言わないだけ,0,髙橋弘,0
143,Nobel   prize   :   LUK MONTAGNIER   ?,0,Olive Monti,0
144,東京と大阪との往復新幹線が最初にコロナを拡大させたのではないか、素人の考え。,1,原田時宗,0
145,知識ない人に選べって？だったら尾身会長いらんやん,0,マイルドセブン,0
146,意見のもとになったデータがあるのでしたら、そのソースを公開してほしいです。感染源の最も確実なのは口や鼻がガードされていない状況である食事の瞬間であることは間違いないはずです。これはスーパーコンピューターのシュミレーションでも出ていたはずです。不織布のマスクをきちんとした状況であれば鉄道などの交通機関での感染確率はそれほど高くないはずで、これは英国、ドイツ等でも研究結果が発表されていたはずです。ワクチンを拒否されるのは自由ですが、近い将来ワクチンパスポートや接種証明、陰性証明が飲食店や宿泊施設等で求められることはほぼ確実だと思います。その時の不利益を覚悟の上、ワクチンの拒否をされるべきでしょうね。多分、これは国際的にも常識となりひっくり返らないと思います。,0,二枚翅,0
147,ファクターX　京都大学CiRA 8/23,0,わいす,0
148,ふうぞく,0,はじめあきら,0
