1,普通は治験バイトはお金もらえるのに、無償奉仕で人柱になられてご苦労さまです。私はやっぱりそこまでしてワクチンを打ちません(^_^;)ありがとうございました,252,とっとこ,6
1-1,ワクチン打たないと人って頭悪いよなwww,1,ポキポキボキボキ
1-2,その9万円の治験で大学生1人無くなりましたよね…,19,工藤美里
1-3,まあ、ご自身の生活でのリスク＆ベネフィットで考えて売ったらいいと思います。こちらも参照にしてくださいhttps://youtu.be/uOAkw1-JBiw,2,ゆたぽんTV
1-4,@海老天 9万か・・グラっと来るなｗｗｗ,9,ken bou
1-5,@ken bou 様9万円で治験バイト募集していますよ。9万で4んだよ。,23,海老天
1-6,そんなバイトやってるんだ。凄いねｗｗ時給換算だとどれ位貰えるの？マジで教えて欲しい。,3,ken bou
2,20代後半女性です。モデルナ1回目を2週間前に打ちましたが、まだ微熱と吐き気、食欲不振、胃痛、呼吸のしづらさ、頭痛、モデルナアームに苦しんでます、、、副反応出やすいんだろうなぁ、身体が頑張ってくれてるんですね。そうこうしてるうちに2回目がやってくると思うと怖いですが、2回目の方が副反応少ないという方もいるので本当に人それぞれなんだろうなぁと思いました！ロキソニン準備しつつ2回目に備えようと思います！汗参考になる動画ありがとうございます！,4,*みーな*,1
2-1,コメントありがとうございます！副反応、軽いといいですね。僕もロキソニンで乗り切りました！,1,ゆたぽんTV
3,私はイギリスで打ちました。まだ一回目ですが、悪寒、頭痛、発熱(38.2まで上がりました)がありました。熱が上がるときの吐き気のような感覚は少しありましたが、食欲はずっとそれなりにありました。打ったあと、その日の夜と翌日は体調悪かったです。,60,*pansy*,8
3-1,何故うっちゃうの？⚫️⚫️なの？テレビ嘘ばっかなのに〜,3,宮咲アンナ
3-2,よかったですね❗,1,ゆたぽんTV
3-3,２回目、打ちました!!副反応軽かった〜!!,3,*pansy*
3-4,@迷子のお巡りさん はい!!そっくりそのままお返しします☺️,2,*pansy*
3-5,人生は一度しかないんだからよく調べないといけないよ！,4,迷子のお巡りさん
3-6,@ゆーい 知ってるけどありがとうございます😊,1,*pansy*
3-7,1回目より2回目、2回目より3回目と言う風にどんどん副作用が強くなるみたいです。気をつけてください。,5,ゆーい
3-8,副反応は2回目の方が強いので、頑張ってください！,6,ゆたぽんTV
4,貴重な人体実験報告ありがとうございます。ワクチン接種は絶対避けようと思いました。,44,K O,1
4-1,お役に立てて光栄です( ´艸｀),2,ゆたぽんTV
5,打ちたくありません。情報共有ありがとうございました😭,213,Kaz Sato,1
5-1,個人の経験だけですが、少しでも参考になれば幸いです。,7,ゆたぽんTV
6,私も先日1回目を打ってきました。先生と同じくワクチン接種して半日くらいで腕の痛み、24時間後には38度以上の発熱がありました。普段風邪をひかないので久しぶりに辛かったです。誰かの参考になればと思いコメント書かせて頂きました（^人^）,15,ゆーゆ,2
6-1,日本はワクチン後進国？エビデンス示して。科学者でしょ？,1,みい
6-2,日本はワクチン後進国でまだまだ接種率も低いので、一人一人の経験談も参考になります。ありがとうございます！,1,ゆたぽんTV
7,実際に接種された人からの直接の第１級の情報、有難うございます。ファイザーは２回目、アストラゼネカは１回目がひどい、と言いますよね・・・。私の周辺でも接種した人は｢こんなひどい副反応では身が持たない。毎年接種なんて無理！｣と言っているので、この種のワク●ンはそのうち消える運命にあると思います。ただ、次のコロナ流行シーズンのADE（抗体依存性感染増強）他の中長期の副反応にはぜひお気をつけください。ご無事を祈っています！,78,St. Goodwill,2
7-1,@ゆたぽんTV なんか、ちょっと物騒ですが、よろしくお願いします。,5,St. Goodwill
7-2,アストラゼネカは一回打ちなので、その分強く反応するんですかね？生存報告がわりにちょこちょこ動画あげていきますね♪,10,ゆたぽんTV
8,お疲れさまです♬接種することになった時のために、副反応報告を気に留めておきます😄ありがとうございます⭐️先生の「鳥に弱い」で思い出したことがあります。次女が未就学児の頃に鳥刺し食べて翌日に体調が悪化して救急搬送されました。診断はサルモネラ脳症。1カ月以上の入院でした💦当時、私と長女が主人に内緒で爬虫類を飼ってたので、鳥刺しが原因ではないかもだけどそれ以来鳥刺しは食べさせてませんし鶏肉には注意してます😅,7,じゃーも山本,1
8-1,鳥に限らず、生食は国や自治体も推奨してないですよね、、、,1,ゆたぽんTV
9,ワクチンを打てるという話があって、どうしようか迷っています。調べるとやっぱりデメリットの方があるような気もしますが…筋肉注射は子宮頸がんのものを経験してます。その時は特に問題ありませんでした。ただ、今は割と生活習慣も崩れ気味で一人暮らしということもあって、副反応が何かあった時に不安ではあります。やっぱりここまでのデメリットの可能性がある中でワクチンは打たない方がいいのでしょうか…？,8,なえ,2
9-1,@ゆたぽんTV お返事頂きありがとうございます。コメントでは打たないという人が多かったので、その方がいいのかと思ってしまいました。副反応が怖くて調べていると、死亡した方が出たとか、すぐには出ずに数年後に出るとか、色々な情報があってデメリットが大きいかと思っていました。もう少ししっかり調べます。ありがとうございました。,2,なえ
9-2,一般的には、圧倒的にメリットが大きいので、世界各国がワクチンの取り合いをしているわけです。厚労相、CDC、FDAなどなど。むしろ何をもってデメリットが大きいと言うのか教えてほしいものです。打たない理由を探しているとそうなります。そんなに怖いならきちんと調べましょうね🎵,0,ゆたぽんTV
10,色々参考になる事例がいっぱい😅ワクチン接種後は身体に刺激物は避けて優しい生活をしよう。,3,sumire,1
10-1,その通りでした、反省しきりです。。。,1,ゆたぽんTV
11,１回目の接種は大丈夫でしたが、２回目接種では38度の熱、筋肉痛、頭痛がすごくて寝込んでました。若い女性は特に出やすいらしいです。高齢の院長は元気そうでした‼︎笑できれば翌日、翌々日は休みの日に打つ事をお勧めします。,14,さくらあい,2
11-1,接種二回目からお体大丈夫ですか？免疫力が高いので何も変化ないのかもしれませんね！ただずっと身体には違和感があるはずですから！二回目接種したなら免疫力が低下してますし今もスパイクタンパクが生産されていってますから！このまま何もしないと遺伝子組み換えが進んで取り返しつかない事になりますよ！,1,なかとみひとし
11-2,若い人の方が免疫反応は強いので、その分副反応も強く出るのでしょう。情報ありがとうございます！,1,ゆたぽんTV
12,医療職です。明日2回目の接種します。周りの人達 2回目うったあと、結構熱発してて怖いです(､ﾝ､),30,齋藤さん,8
12-1,@さいごのアイアンマン 医療関係の方だったりすると、コロナの重症化の恐れとワクチンの恐れと比べたら、ワクチン打った方がマシかもって思うのかもですね💦,0,なちのら
12-2,個人差があります。家族4人受けて私だけ副反応出ました。,2,Genji
12-3,@堂林司 ほんとにそれなです。怖いなら打たなきゃいい。,2,さいごのアイアンマン
12-4,なんで怖いのに打つんですか？,4,堂林司
12-5,よほど辛くなかったようで何よりです🎵,2,ゆたぽんTV
12-6,@ゆたぽんTV 昨日うちましたが 関節痛があったぐらいでほかの症状はなく 一回目と同じ感じですね 強いて言えば すごく眠かったぐらいで よく寝れました,5,齋藤さん
12-7,基本的に二回目の方が強く出るようですね。急性期の副反応のほとんどは数日以内に治ることが多いようです。,6,ゆたぽんTV
12-8,私の友だちも2回目の後の発熱、悪寒、体の痛みがひどすきた話を聞いていて怖いです…。,7,招猫
13,看護学生です。昨日1回目のワクチンを打ちましたが、軽い筋肉痛だけで熱も倦怠感もありませんでした。1日たった今も軽い筋肉痛がありますがそれ以外は副反応は出ませんでした。打った時も痛みはなく、インフルエンザや麻疹のワクチンの方が痛かったです。2回目の副反応も重くならないといいなと願ってます😖,3,Ui,1
13-1,副反応出るようなら次の動画を参照に、対処療法して乗り切ってください！,1,ゆたぽんTV
14,勇気ありますねー,11,爆益ちゃん,1
14-1,世界のほとんどの人が勇気あるってことですね♪いいことです！,0,ゆたぽんTV
15,腕が45度くらいしか上がらないのが2日間ありました！,37,Euro Truck SImulator 2& American Truck Simurator,1
15-1,よく聞く症状ですね、自分もそうでした。,1,ゆたぽんTV
16,こう言う情報はマスコミでは聞けないので助かる,15,鰻.,1
16-1,個人の体験談ですけどね😃,2,ゆたぽんTV
17,娘がインフルエンザの予防注射を打った時腫れが異常な程でしたワクチン打った後が心配なのですが,14,権劉,1
17-1,インフルエンザも年によって反応が違いますよね。僕も昨年は腫れましたが、今年は腫れませんでした。,1,ゆたぽんTV
18,体質とか含めて、こればかりは分かりませんですね。筋肉が痛くなるとははじめて知りました。コロナと戦ってくれてるのですね。血栓とか聞きますので私はまだ接種してませんが。汗貴重な情報配信ありがとうございました。,13,Sena,2
18-1,副反応もワクチンの種類によって違うみたいなので、心配はありますよね。,2,ゆたぽんTV
19,血管に血栓が起こり脳梗塞や心臓疾患に似たような症状が起こる…,9,だっちさいくろん,1
19-1,大変ですね！,1,ゆたぽんTV
20,この機会に自然医学を勉強すべきやね〜,6,迷子のお巡りさん,1
20-1,ほーい！,0,ゆたぽんTV
21,はじめまして。2回目接種して10日から2週間後ぐらいは何か変わった症状はありましたか? 最近2回目はうけないって人が増えてきているようで2回目の副反応が数日間だけだったのか、２週間後ぐらいにまた高い発熱したりとかするのか気になってます。,6,Yuco NEW YORK,1
21-1,基本的には2回目は数日間のみで収まって、普通に生活できています。一回目でも副反応がつらくて二回目を断念する人も多いと聞きますが、打つならしっかりと二回打ったほうがいいと考えています。,2,ゆたぽんTV
22,かなり筋肉痛なんですね。翌日休みをとるとよいと言われたけどやはり、拒否します。,8,桃太郎侍,1
22-1,了解です。,0,ゆたぽんTV
23,モデルナを打ちました。一回目は局所的に肩が痛い程度。微熱とも言えない程度の微微熱。ニ回目は、38℃台後半までの発熱、節々の痛み、けん怠感、頭痛がありました。カロナールは効いた感じはありませんでした。約48時間で体温も普通に戻りました。それだけと言えばそうですが、はっきりと副反応がありました。翌日の仕事は休んだほうが良いと思います。,2,Yoshi O,1
23-1,個人差はあるものの、強く出る人は仕事はつらいと思います。休みが取れればそれに越したことはないですね。,2,ゆたぽんTV
24,一回目終わったあとしばらくなるけど、免疫力低下間違いなく低下しているので、困った。体調が以前より崩しやすくて、頻繁に胃痛が悪化するようになった。後、汗かいただけで、全身痒みが出やすくなったし、色々症状が出てるんですけど不安しかないし。二回目が29日にあるが、はちゃめちゃ打ちたくない。寒気あっても低体温なってしまった。悪寒あっても、３5度未満。36、5度が平熱なんに。35度未満だからか真面目な話体調が悪くて仕事に支障がある。不安です,2,かずメロディー,1
24-1,いろいろな反応が出ると思いますが、乗り切りましょう！,0,ゆたぽんTV
25,今日ワクチン1回目でしたが、この動画を見たおかげで不安や疑問がとれて安心して接種できました！ありがとうございます＜(_ _)＞,2,カワセミ,1
25-1,少しでも役に立ててうれしいです♪,0,ゆたぽんTV
26,問題は5〜10年後に…と言う話もあります！私は遠慮しましたがね^o^,15,登根秀之,1
26-1,次の動画で問題を述べています。,0,ゆたぽんTV
27,３日に２回目のワクチンしました。７日もずっと頭痛が続きます。,5,くま wniレポ 島根,1
27-1,病院に相談しましょう。,1,ゆたぽんTV
28,ケイガン枠沈　打ってましたねーなにも知らなかった無知な自分が😭⤵️⤵️悲しいですわ　なかなか情報が無い時代でしたので判断できる材料がありませんでした(T-T)10年位ですがこれからどうなるかは神のみぞ知るです　とにかくしっかり見極め判断して頑張りましょう‼️,14,リーカー,1
28-1,今は情報は多いですが、その質はピンからキリまでです。こちらもどうぞ。https://youtu.be/cLAuJQWtbTg,2,ゆたぽんTV
29,コロナワクチン接種して羨ましい役得。当直医頑張って下さい。,1,O Sh.,1
29-1,優先接種ですからね、各自治体のトップが余ったワクチン投与してたたかれてましたね><,0,ゆたぽんTV
30,今回、インフルエンザの予防接種も、副反応が、出て、扁桃腺3日間腫れて、筋肉が、痛くなり、頭痛が2日間続き、予防接種が、本当に怖くなりました。コロナの予防接種は、絶対に、受けません。,30,アイラブニッポン,1
30-1,僕もインフルの副反応が怖くて、しばらく打たなかった時期がありますよ♪,2,ゆたぽんTV
31,接種後　数日後に鶏肉たべて体中に発疹が出た人がいます。別の人は接種後1週間後に牡蠣を食べた後、下痢・発熱・嘔吐、発疹が出て肌に触れただけで痛がりました。その後入院しましたよ。,3,Hiromi Ueda,1
31-1,鶏肉はちゃんと火を通したほうがいいですね。,1,ゆたぽんTV
32,和久珍忌避とか陰謀論などの話ではなく…今回のｍRNA和久珍については、アナフィラキシはもとより、特に全身あらゆるところの血管に対する有症事例を過小評価すべきでないとおもいます。治験の終わっていないものを、自分の親に、娘に、家族に、自信を持って勧める事は出来ないです。故に、打つ打たないに付いてはせめて治験が終わった後に改めて検討すべきだと思います。お医者さんも、患者さんの健康を願うのであれば、拙速な判断は避けるべきだと思うのですが、如何でしょうか？また世間の直ぐにでも接種するべきとの論調についても大変疑問を感じております。,7,ねこうま,4
32-1,あらたむるにはばかることなかれ,0,ねこうま
32-2,治験は終わってますけど、、、次の動画で解説してみましょうかね。,0,ゆたぽんTV
33,うちの親は老人ホームで働いてるんですが、強制的に打たされました！まだ1回目の注射をしただけですが、2回目が不安です。,5,mo sk-,1
33-1,ホントに強制なら問題ですね。,0,ゆたぽんTV
34,お酒は　控えた方が良かったのでは　刺激のある食べ物もNG 貴方のワクチン接種に感謝,9,福田博子,1
34-1,確かにお酒と刺激物は避けたほうが無難でしたね><,2,ゆたぽんTV
35,透析してる20代です、打ちたくないのに、主治医に打ったほうがいいといわれました。長期的に見て有害事象がこわい。。これは個人の選択でいいですよね。みんなになんで打たないのと怒られます,11,おぱんちゅ様,2
35-1,@ゆたぽんTV 的確なアドバイスありがとうございます！医師に相談したところ、打たない場合でも迷惑はかからないとのことでした。感染対策を頑張ろうと思います。,4,おぱんちゅ様
35-2,個人の選択でいいと思います。しかし、コロナを発症して周囲のハイリスク患者（透析患者）に不利益を与える可能性があることを考えて、それでも受け入れてくれる病院に変えるのが良いでしょう。,2,ゆたぽんTV
36,アメリカに居ますが、救急に脳梗塞が多いのが不思議で友人看護師言ってました。既往歴無い人達だからと言ってました。,2,Kiyomi O'Neal,1
36-1,ん？,0,ゆたぽんTV
37,打て！とか打つな！ではなく、こういう症状がでました。考えて打ってみてください的な動画でとても好印象です😁,9,EJ2WE,1
37-1,ありがとうございます！,0,ゆたぽんTV
38,スイス在住です。義父が９１歳で、わくちん打ちましたが、１回目、体中に発疹が出て病院行き。２回目は高熱で病院行き。私たちはたぶん６月頃になると思います。経験談をありがとうございました。頭痛いときアスピリンでも効きますか？,1,mayonnaise bun,2
38-1,@ゆたぽんTV お返事ありがとうございます。スイスでは(私の周りでは)、頭痛といえばアスピリンなので。こちらのお医者にたずねます。お体に気をつけて。,0,mayonnaise bun
38-2,日本ではアスピリンは解熱鎮痛目的に使われることは少ないので何とも言えません。アセトアミノフェンが一般的ですが、僕は飲みなれたロキソニンも飲みました。日本ではアセトアミノフェンの処方量が海外に比べてかなり少ないので。ロキソニンのようなNSAIDsはワクチンの効果を低下させるといわれていますが、添付文書にはそのような記載はなくエビデンスに乏しいです。のちの動画でも語っていますが、きちんと抗体つきました。,0,ゆたぽんTV
39,１回目ファイザーを打ち、５日目に蕁麻疹が出て、皮膚科に行き薬を１週間飲みましたが効かなくて薬を変えて更に１週間、やっと収まってきたけどまだ、赤い斑点が残っているので薬は飲んでいます。結局、２回目は打ってません。,1,花畑,2
39-1,花粉症でもないし普段アレルギー症とは思ってないのですが、どうなんでしょうか？薬を飲み続け、やっと皮膚の斑点は薄くなってきました。,0,花畑
39-2,アレルギーでしょうか？,1,ゆたぽんTV
40,わかりやすく言うとですね、親知らずを２週間おきに１本ずつ根こそぎ抜く感じです。もしくは内視鏡で胃と腸を２週間おきに検査する感じです。それくらいの心構えでのぞむべきです。インフルよりもきっつい。打った翌日は休む　それくらいの調整は誰でもできるはずです。でも打たないで重症化するよりずっとマシ。,1,高森,1
40-1,打たないリスクを考えられる日本人ってそこまで多くないんですよね。,1,ゆたぽんTV
41,わかりやすいです。,1,M H,1
41-1,ありがとうございます！,1,ゆたぽんTV
42,鳥に弱いとわかっているのに焼き鳥に行かないと思いました。ワクチンを打ったあとにお酒は避けたほうがいいと思いました。お風呂もシャワーがいいかなと,8,頑張れ孫悟空,3
42-1,@ゆたぽんTV 左様でございますか。お大事になさってください。,0,頑張れ孫悟空
42-2,焼き鳥は好きなんですが、年に何回かは当たります。やはりレアがだめなんですよね。,1,ゆたぽんTV
42-3,ノンアルコールとか炭酸水で済めばよかったのにと思いました,2,頑張れ孫悟空
43,３、４回目の副反応聞かせてください＼(^_^)／,6,柿崎純一,2
43-1,僕も医療関係の職場でワクチン打たないというたら空気がシラーとなって打たなあかんみたな目がすごいんですけど( ;´･ω･`),2,柿崎純一
43-2,こちらもどうぞ。https://youtu.be/cLAuJQWtbTg現在打つ必要があるかご判断ください。,3,ゆたぽんTV
44,母親が癌治療中です。ポートを入れて抗がん剤治療しています。主治医からは、ワクチン接種可と言われていますが、ファイザーとモデルナどちらが良いのか悩んでいます。,1,こんどうやすよ,2
44-1,薬のアレルギーがあって、抗がん剤の処方も慎重にしている状態なので、副反応が心配です。薬のアレルギーで一番酷い時、皮膚が赤く痒くなりヘルペスになったり‥大変でした。,0,こんどうやすよ
44-2,ファイザーもモデルナもそれほど変わらないと思いますね。,0,ゆたぽんTV
45,先生のメガネが気になって最初の１分間位は話しに集中出来ませんでした。注射する事に対して恐怖感を持っている人達には参考になったと思います。非常に忙しい時間の合間に情報の共有ありがとうございました。,4,すずらん花子,1
45-1,結構いいメガネなんですよ、探しまくって手に入れました笑,0,ゆたぽんTV
46,副反応が似てて少し安心しましたわからない事ばかりで怖いです,3,みぃ,1
46-1,新型コロナはわからないことが多いですが、ワクチンの登場で光明が見えたことは確かです！,1,ゆたぽんTV
47,熱が出た時呑むロクソニンは、ワクチンを打った時にそこで貰うのですか又は薬局で処方箋無しで購入可能なのでしょうか、宜しくお願い致します。,6,徳留賢,1
47-1,自治体や接種する病院などによって対応が違うかもしれませんので、不安ならば自分の接種するところへ問い合わせてください。,2,ゆたぽんTV
48,臨床試験お疲れ様です。,6,hirofumi kimura,1
48-1,次の動画で回答していますので。,0,ゆたぽんTV
49,身近で、打った方々の副反応がよろしくないのを続々聞きます。やはり体がだるく何日間も体調不良だそうです！私は信用してないし、アレルギー体質だから絶対に打ちません！10年以内に何か起きても、どうせ国は何の保障もしてくれないでしょ？子宮頸がん予防接種と同じように、後から問題が起きて裁判になるんじゃないの？子宮頸がん接種は今では希望者がいても、医者の方がお奨めせず、よく考えてくださいねと止める方向で答えていますからね。持病がある方、アレルギー体質の方、体質によって打たない方がいい方はよく考えてからの方がいいかもしれませんね🤔,5,M T,1
49-1,アレルギー体質は禁忌ではないですけどね♪,0,ゆたぽんTV
50,センセ💚お疲れ様です( ・∀・)っ旦貴重なお話ありがとうございます🙏打つ時は寝不足はダメ🙅飲酒もダメ🙅刺激物もダメ🙅で挑みたいと思います‼️早く皆が接種出来てコロ助退治が出来ますように✨,13,ぽんこ,1
50-1,打った後に、僕のような不摂生は避けてください><,4,ゆたぽんTV
51,副反応の動画や血栓などのデータを見ながら打つのをやめました。周りはみんな打ったけど。集団免疫。任意だし、強制はパワハラとのプリントも来てたし。長崎大学が作ったコロナの特効薬に期待してる,22,バナナパンダパパ。みんなとわいわい系YouTuber,3
51-1,治療薬大歓迎❣️,1,koko
51-2,アビガン、イベルメクチンもありますよ！,1,アッサムティーアッサムティーチ
51-3,こちらもご参照くださいhttps://youtu.be/uAgaUghqfTA,0,ゆたぽんTV
52,1回目打ちました。すごくしんどいです。腕は痛いし、微熱と頭痛が続いています。私の場合、1回目でこんなにしんどかったら、2回目死なないかなとすごく不安になりますが、予約もしてますし、がんばろうと思います。みんなでがんばれば、また日常を取り戻せると思います。ビルゲイツの陰謀論とか人体実験だとか言ってる人たちに呆れます。笑,2,blackpinka,1
52-1,変異株や感染防御にも効果が証明されてきています！頑張って乗り切りましょう！,0,ゆたぽんTV
53,心筋炎や血栓に比べたら数はグッと少なくなりますが　顔面麻痺になる人もいるみたいですね顔の片側が歪んでしまったカナダ人女性の動画見ました。　カメラの前で明るく振る舞ってましたが,5,プロパガンダム,2
53-1,@ゆたぽんTV  難しいし　死亡にいたっては国はほぼ認めないでしょうね昨日出た新たな数字が196名の死者　因果関係証明されたがもの　もちろんゼロ何が起ころうと製薬会社も国も全く責任をとらないまだ治験中のものだとやっぱり恐ろしいと思って躊躇する国民が一定数いると思います.....,1,プロパガンダム
53-2,ワクチンとの関連があるかどうかの証明って難しいですよね。。。,1,ゆたぽんTV
54,厚生省も、コビット２の存在証明を開示できないのに、よく打てますね。,51,shigeyuki fukawa,3
54-1,ファイザー元副社長が言っています。世界が風邪やインフルエンザを新型コロナと思わされてワクチンを接種して本当のコロナを注入して周りの人まで免疫ができる2週間から3週間の間に移して感染爆発がおこっています。と,15,スギハラマリコ
54-2,@ゆたぽんTV かかっても死なないウイルスだし、打ったら20年後とかに副作用がでるかもしんないから打たない方にかける。,20,キンキンボッキンキングボッキンキボッキングキングダムボッキッキボ
54-3,現時点で常に感染のリスクにあるものにとって、重症化を防ぐ唯一の手段なので、打つほうが賢明でしょう。,5,ゆたぽんTV
55,医療従事者で、優先接種を断りましたが、勤め難いので１回目を一昨日打ちました💧私は、接種3時間後に腕が痛み出し、倦怠感と軽い吐気がと目眩がありました。翌日は体が固まったようになり、目が開けませんでした💧腕の激痛と重い倦怠感と、時々頭痛と吐気💧発熱はないようですが、寝てる度に発汗してます😓今日は大分ましになりましたが、顔がゾンビのようで出勤したら、自宅で休むよう言われ休んでます😅２回は嫌ですね😖　私は、副反応というよりは毒って感じです😖💧こんな目に合うくらいなら、ワクチンを打たずに、しっかり新しい生活様式を継続して予防したいです😖　私は30代ですが、子供さんや、20、10代さんにワクチンを打つのは正直心配です💧,5,mc Y,1
55-1,新しい生活様式。個人的にも経済的にも、飲酒禁止、外出制限が今後も続くことは耐えられないと思います。耐えられる方はワクチン打たないで感染防御を徹底すれば問題ないと思いますが。,2,ゆたぽんTV
56,お医者様に大変ご無礼ですが。わが息子もソーシャルワーカーにて仕方なく一度打ったようですが前もってアスピリンは全員飲んでいたらしいです。きを失うもの血圧が低下して。頭痛腹痛動悸が１日続いたようで恐ろしい目にあったから二度目打たなかったとおもいます。。蓄膿症の手術したりしたので。アナキラシーだったらとおもいます。遺伝子組み換えがおきて血栓ができやすくなるようですね。心筋梗塞脳梗塞、失明  海外で報告出てます。5年生存というと話もあります。最終的に免疫力だとおもいますが。私はもちろん打ちませんがばかな主人がうちたがるので後半年待て。最初に打った人の結果が出てから。まあ旦那帝京大学にて心臓バイバス手術してて、バイアスピリン毎日飲んでるから😁変わりないかとも。息子には夜の納豆と松葉エキス飲ませて血栓できないようにしてます。何せ小さい子2人もいるんだもの。余談失礼しました,2,ちゃん りん,1
56-1,普段内服のない人がワクチン接種前に消炎鎮痛剤を内服することは推奨されていませんね。バイパスなどの理由があって内服中の方はワクチンを理由に止めなくていいのですが。医龍従事者の中でも情報が錯綜しているみたいですね。。。,0,ゆたぽんTV
57,コロナに感染する方が良い。感染の確率もTVは参考にならないので通常の健康管理で良い。ワクチンで安心出来れば接種も良い。義務化や強制が無い事を願う。,2,小川みち,1
57-1,人それぞれ、考え方が違うのはいいと思います。,1,ゆたぽんTV
58,高齢者で間質性肺炎の人がワクチン打ったら、副反応で体力持たないと思いますか？,2,ゆんたゆんた,2
58-1,プラセボであることを祈るのみです。弱っている人に打つ意味がわからないですね。どうやら中身の違う枠のようなので特に国を守る自衛官の方々や医療関係の方々他若い方々の皆さんが打たれたのもどうかプラセボでありますように。もちろんゆたぽんさまも。,1,koko
58-2,状態にもよるので、主治医や接種医と相談ですね。,1,ゆたぽんTV
59,私も明後日１回目を打つ予定です。いい話しも、良くない話しも入ってきます。不安でいっぱいです。,2,rimi chan,3
59-1,CDCは信じられません。先生、信じてらっしゃるの😅,0,みい
59-2,出所がきちんとしているものを信じましょう。アメリカのCDCと、匿名でコメント欄で騒ぎ立てる人の情報とどちらが正しいと思いますか？,3,ゆたぽんTV
60,体の不具合は10年後から出るよRNAは肝炎から肝臓ガンの可能性が大いにあるので10年後に肝臓やられたら動画アップして下さい,6,ちとしはまのりれ,1
60-1,10年間見続けてください！肌の色の変化とか、気を配ってください！,0,ゆたぽんTV
61,コロナ接種したら余命早くて 2年遅くて 5年,8,だっちさいくろん,1
61-1,早死には嫌ですね、、、,1,ゆたぽんTV
62,お医者さんは情報を沢山知っているのにワクチンを打ったのですか？働いている病院で打たないといけない状況だったのですか？,8,クララ,1
62-1,お医者さんは情報をたくさん知っていて、それを的確に取捨選択できる知識も豊富にあって、リスク＆ベネフィットの判断が誰よりも優れているので、ワクチンを打つという選択をする人が多いのだと思います。,4,ゆたぽんTV
63,コロナに感染しても良いのでワクチン接種はしません。ワクチン接種して安心出来る方が接種出来れば良い。義務化や強制が無い事を願う。,2,小川みち,1
63-1,海外では企業や公務員の義務化が進んでいますね。日本では強制はないでしょうけど、区別はされるべきとの動きが進んでいますね、現状では。,1,ゆたぽんTV
64,消炎鎮痛剤を常用していると体温　免疫力が低下するから、汗をかいてよかったのじゃないの。,1,S K,1
64-1,寝汗だったのでつらくなかったのが幸いです！,0,ゆたぽんTV
65,医学部をでておられて、毎日医療の最前線で働かれており、誰よりも命の大切さを知っている方々に、無知で無学な一般市民がただsnsで見た表面的なソースも曖昧な情報だけでバカだの死にたいのかだの言ってるの見るの悲しくなるな。自分の命を守りたいのに、お医者様信じなくて何を信じるよ...,1,ふんぐー,4
65-1,@坂坂 「今のあなた」は語弊がありました。これまでこの方に送ったコメントの数々を振り返ってください。消してももう遅いかもしれませんよ？www,0,ふんぐー
65-2,@坂坂 「ネット中傷に懲役刑」と検索してみてください。今のあなたですよw,0,ふんぐー
65-3,@ゆたぽんTV ご返信ありがとうございます。自分もそうならないよう気をつけなければですね。これからも国民の健康をよろしくお願いします。,0,ふんぐー
65-4,どうしても自分に都合のいい情報だけを信じてしまいますよね。ガンになったら病院行かないで宗教通う人もいますし、、、同じ原理だと思います。,2,ゆたぽんTV
66,基礎疾患があると副作用は高いですか？糖尿病です。担当医は大丈夫と言いますが。不安です,1,葵,1
66-1,重症化率の方が高いと思います。,1,ゆたぽんTV
67,若い頃に長年ぜん息に悩まされました!アレルギー反応に過敏で、インフルの予防接種も打ったことがありません。今は完治していますが、特にアナキラフィーショックに心配していますが、、、どうなるかは分かりませんが打ってみようと思います～💉貴重な情報！ｱﾘｶﾞﾄｳｺﾞｻﾞｲﾏｽ🙇‍♀️⤵️,8,さくら,5
67-1,やめた方がいいですよ！！,8,F
67-2,@ゆたぽんTV 了解です☝️最終判断は自身で考えたいと思います！自分の身体は自分が守るですね💦💪,0,さくら
67-3,@St. Goodwill 貴重なご意見、、ご親切にありがとうございます🙇‍♀️いろんな事例を参考に！そして判断は自信でしたいと思います、、、,1,さくら
67-4,問診票に既往歴はしっかりとかいてくださいね！,1,ゆたぽんTV
68,はじめまして、接種が怖かったので、拝見させて頂きまして参考になりました。受けた方が良いのでしょか❓先生は受けて良かったですか？宜しかったら教えてください。,14,はまちゃん,1
68-1,僕は感染リスクは一般に比べてはるかに高いし、重症化したら大変ですし、打ってよかったと思っていますよ♪,8,ゆたぽんTV
69,たまに死ぬ人が出ても不思議ない感じ,188,ボンネタロウ,2
69-1,そうですね、結構辛かったですね><,12,ゆたぽんTV
70,大変な思いをされたんですね。現在ご無事で何よりです。世界中ではかなりの方がワクチン後亡くなられてますね、これって本当にワクチンですか?,2,水野スミレ,2
70-1,@ゆたぽんTV それにしても、数が多いですね。ワクチン後に亡くなった人は、普通に考えてワクチン犠牲者としかおもえませんが。,2,水野スミレ
70-2,ワクチン接種後に亡くなっているというだけで、明らかにワクチンとの因果関係を証明できるものは少ないようですね。,1,ゆたぽんTV
71,1回目は兎に角腕が痛かった2回目は熱が出ないインフルエンザで悪寒、関節の痛み、咳が酷くて一睡も出来ませんでした。3回目は絶対打ちません。,1,777 ken,1
71-1,それも一つの選択肢だと思います。,1,ゆたぽんTV
72,複数以上の高名な科学者の方々が、サイトカインストームに言及されていますが、周囲ではどんどん接種していますので、同調圧力がマックスにレッドゾーン超えました。それと同時に沢山の副作用経験者の話を聞いて、恐怖心から現在既に具合が悪いです･･･。勿論性格はチキンです。,1,mc ucx ucchii,1
72-1,まあ、大多数の高名な科学者、医学者、国家レベルの機関がワクチンの効果については言及していますので、よく考えましょう♪,1,ゆたぽんTV
73,医師なのに、ちゃんと調べないでいるのが草,14,テセラ,1
73-1,反省しま〜す！,1,ゆたぽんTV
74,ファイザー一回目の4日後歯茎腫れ出血して一週間後打ったところの腫れかゆみ。2回目怖いです。,2,メルちゃんめるちゃん,1
74-1,確かに二回目は腕の痛みは結構続きましたね。人によってだいぶ症状違いますよね。,2,ゆたぽんTV
75,治験お疲れ様です,6,暇ちゃんねる,2
75-1,@ゆたぽんTV 分かってますよ。そう言う意味ではなく先に打ってくれてありがとうと言う意味だよ　用は先に試してくれてありがとうと言う意味ね！,2,暇ちゃんねる
75-2,治験ではないですけどね。わかってます？治験って？,2,ゆたぽんTV
76,ワクチンを打った人と打ってない人の差は0.35%しかないに、打ったリスクを考えた場合、有効と言えるのでしょうか？,7,Mr. T,2
76-1,効果率です。第7回　新型コロナワクチンの危険性という議会本会議の動画を見てみて下さい。よろしくお願いします。,3,Mr. T
76-2,何の差が0.35%でしょうか？,0,ゆたぽんTV
77,おしごとおつかれさまです。,12,me ma,1
77-1,ありがとうございます！,2,ゆたぽんTV
78,医療従事者ですが絶対に打ちません。,287,けいポン,26
78-1,@坂坂 様　こちらこそ有難うございます。,0,けいポン
78-2,@坂坂様。 こんばんは。ハイ。受けていません。スタッフ全員２度目終了しています。言われているように若い人のほうが副反応で体調悪くなり、欠勤、早退していました。,2,けいポン
78-3,百害あって一利なし、です。　　目先ではなく、5年後10年後の副反応が怖いですね🐧,9,本橋寿夫
78-4,@伊藤信幸 さまそれは おかしいのでは………,11,雨雨
78-5,陰謀論に惑わされず、イングランドジャーナルオブメディスンをよく読んで勉強しましょう。５０％以上の人が接種しないと、日本は経済破綻で自殺者が膨大に出てきます。打つか否かは勝手ですが、社会性を考えるのも大切な生き方では？・・・,6,伊藤信幸
78-6,@Yaya King お疲れ様です。,0,ポキポキボキボキ
78-7,ワクチン イコール 死刑宣告  絶対受けません。,17,Yaya King
78-8,@ゆーぐれ 分かってくれたなら良かったです。,2,ポキポキボキボキ
78-9,@ポキポキボキボキ そうでしたか…遺伝子操作された薬なのでそこにも関係あると思ってましたしかし最近報道規制がすごいのですべて本当とは限らないので自分は気おつけます。,4,ゆーぐれ
78-10,@ゆーぐれ 子供が出来なくなるという話は厚生労働省がそれはありません。と説明してあります。謝った情報を発信するのは辞めて頂きたいと思います。あなたの意見です。というのをきっちり明記してあれば問題ありませんけど。,2,ポキポキボキボキ
78-11,@ポキポキボキボキ わかりました。また機会があれば確認します。ありがとうございました,0,ゆーぐれ
78-12,@ゆーぐれ コロナワクチンのホームページ読みました？そこにしっかり遺伝子のことも記載されていますよ。公式が正しい時思います。,5,ポキポキボキボキ
78-13,@さいごのアイアンマン わざわざ返信ありがとうございますほんとに頑張ってくださいとしか言えないのが悔しいです。僕達にできることはせめて感染しないようがんばります。,6,ゆーぐれ
78-14,@ゆーぐれ 医療従事者ですが、あなたの考えは間違っていません。皆さんが洗脳されてるだけです。ワクチンは打ってはいけません。,28,さいごのアイアンマン
78-15,コロナワクチンには遺伝子操作が関わっているかもしれないそうです。つまりコロナワクチン接種により子供ができなくなったり、健康な子が産めなかったりが増えるかもしれないそうです。もちろん自分自身の身にも悪影響が出ると思います。皆様くれぐれもお気おつけください。生意気なガキがしゃしゃり出てすみませんでした,13,ゆーぐれ
78-16,私も打ちません,20,さいごのアイアンマン
78-17,@雪うさぎの母 俺は打ちました！コロナの後遺症怖すぎて。味覚障害、体の怠さが治らないのは考えられなくて😭,3,ポキポキボキボキ
78-18,@hiromiya 716 不都合と言うより、根拠のなき虚言の流布なので消されるのですよ。あとは他人を誹謗中傷する内容。YouTubeの、ガイドラインに抵触です。さすがに全ては無理ですが、ファクトチェックで裏のとれないひどい動画は消されますね。,6,ゆたぽんTV
78-19,私は今月退職します現場には大変申し訳ない限り,12,C D
78-20,こちらも見てください、打つか打たないかは自由ですよ♪https://youtu.be/uAgaUghqfTA,6,ゆたぽんTV
78-21,@Ko Ya さん。有り難う御座います😀,2,けいポン
78-22,@けいポン ちゃんと寝たらまともな論文を探せますよ,11,Ko Ya
78-23,@雪うさぎの母 さん、他のスタッフは何も考えていないのです。自分の身体にこれほど危険なものを入れるのに不安を感じないのか不思議で仕方ないです。私は寝ずに調べまくりました😞💦,66,けいポン
79,精子や卵子が減少すると聞いたのですが、そちらも検査して教えていただきたいです。,0,Mii,0
80,医療従事者のワクは決まった番号があるそうですね。その番号以外のワクは一般の人向けと聞きました。,2,白石ミナミ,2
80-1,@ゆたぽんTV さん　そうのようです。内部告発でバレました💦その看護師は職を辞めると言ってました。,1,白石ミナミ
80-2,あるんですかね？,2,ゆたぽんTV
81,本物の医者なんですか？　ならば是非問いたいですが、来年５月までの治験予定のワクチンを政府は国民に接種させる事に必死ですが・・・本来、治験段階のものを接種させるなら、ワクチンの期待されるメリットや想定されるリスクを丁寧に治験に参加する人に説明する必要があると思います。通常の治療でもインフォームドコンセントってやりますよね。それなのに、そういう説明する工程が殆ど抜け落ちてるんですよね。　こういう状態でワクチン接種進める事を現役の医者としてどう思いますか。ワクチン接種すれば、感染しないからマスクなしで生活できると言ってる人が驚くほど多いのは、政府がまともに説明しないせいだと思います。,2,M T,1
81-1,ん？納得できないなら打たなくていいんですよ？,1,ゆたぽんTV
82,私も今日打ちました。看護学生なので、ほぼ学校の圧でした。筋肉注射は痛いと聞いていたのでビビりまくってましたが、思ってたより痛くなかったです。うった直後は何も無かったですが、夜になるにつれ筋肉痛のような痛みが徐々に増えてきました。これからどうなるかはわかりませんが、2回目は実習中(実習病院で打ちました)なのでとても心配ですが、実習させて頂くには感染を防いで患者さんを守るために必要なことなので2回目もめげずに頑張りたいと思いました。(それにしても実習中にワクチンを打たせるようにセッティングした先生、タイミング悪すぎですよね笑)ロキソニンは飲んで聞きますか？,1,kohaku,2
82-1,@ゆたぽんTV 、,0,荻野玲子
82-2,ワクチンは発症予防と重症化抑制が目的なので、感染はする可能性があります。自分を守るため、医療崩壊を防ぐために打つものです。感染防御は引き続き行ってくださいね♪ロキソニンは効きます、ロキソニンの可否について次の動画で説明したいと思ってます！,0,ゆたぽんTV
83,ゆたぽん先生の「お酒ちょっとだけ」って、よくわからない。。。,1,Mocch annel,2
83-1,(笑),0,Mocch annel
83-2,まあ次の日なので笑,1,ゆたぽんTV
84,「国会議員や公務員が、ワクを打たなくてもよい」とする法律が、日本で施行されました(2020年12月9日)。国会議員や公務員は、国家の運営において欠くことのできない、最も重要な人たちです。つまり、本来なら優先してワク接種するべき人たちです。その人たちが「ワク接種を避けている」のはなぜでしょうか？そして自分たちが打ちたくないものを、国民に打たせようと必死になっています。皆さんには、ワクの安全性について、いまいちど良く考えていただきたいです。,4,D nobleman,1
84-1,ワクチンを打たない自由を保障するためです。海外では最近は義務になってきてますけどね。,0,ゆたぽんTV
85,副反応について教えてくれるなら、副反応かそうでないかわからない様な要素（飲酒と半生焼き鳥等）を作らない事と、発汗の時の体温を測って欲しかったよ。全然参考にならないよ。,7,ハットリくん,2
85-1,@ゆたぽんTV だって医者でしょ？テーマも「副反応」でしょ？副反応かどうかわからない要素が入っている上に、体温も測っていないなら、副反応のレポートにならないじゃん。医者でYouTube上げてるなら、その辺もう少しちゃんとした報告が欲しいよ。がっかり。,4,ハットリくん
85-2,日常生活の中での接種体験を語ったものですので。,1,ゆたぽんTV
86,ロキソニン飲んでいいのですか？カロナールの方がよいのでは？,1,黄色松野,1
86-1,こちらで答えています。https://youtu.be/z8UcTSBtyvo,2,ゆたぽんTV
87,『珈琲いかがでしょう』に出演されてますか😲と聞きたくなります、ゆたぽんさん☺️,1,Kかるでぃん,2
87-1,@ゆたぽんTV 　月曜日です♪　私もこれからティーバーで観ます🧐　珈琲を飲みながら☕✨,0,Kかるでぃん
87-2,今度見てみます♪,0,ゆたぽんTV
88,確かバファリンは飲んだらダメなんですよね?タイレノールは飲んでもいいんですよね?,2,SDK41,1
88-1,アセトアミノフェンが基本になりますね。,1,ゆたぽんTV
89,先生　お酒好きなんですね💗,2,湯川りく,1
89-1,お酒は大好きです！だから今苦しくて、、、,1,ゆたぽんTV
90,打った日は当直だったので、というパワーワード...,1,謎の来訪者,1
90-1,何かあっても病院にいたらなんとかなるかな？って思って笑,2,ゆたぽんTV
91,HIVのようにじわじわ免疫細胞を侵食するなら5年という話はわかりますが,1,坂田銀時,1
91-1,可能性はありますが、断定はできませんよね。,0,ゆたぽんTV
92,ロキソニン使っちゃうんですね！,1,ここどこ,1
92-1,認められていますよ、普通に。こちらで解説しています。https://youtu.be/z8UcTSBtyvo,1,ゆたぽんTV
93,５年後、10年後に何か症状出ても知らないよ？感染しても大した事ないのに、接種して死んだら死に損。,291,angel presents,17
93-1,@チャーリーブラウン そうですね。ついで言うと、ニュージーランドもコロナワクチン接種始まってます！,3,沖縄さん
93-2,@チャーリーブラウン 自分も基礎疾患持ってるのでお医者さんに相談して自分もワクチン受ける派です。受けない人は受けない人でいいじゃない赤の他人の意見より自分が信頼できる人の意見を優先していいと思いますよ。,6,沖縄さん
93-3,味覚感じなくなったり、一生だるさ続くとか考えられん。僕は打ちます！,4,ポキポキボキボキ
93-4,@チャーリーブラウン だからコロナ茶番劇がバレる前に論文とか削除されまくり。インチキ論文は前から無意味だと言ってたろ？ロシアの保険省とかWHO無視して本当の事暴露してるしトルコのテレビ局なども。これだけコロナ茶番劇が明るみになって毒ワクチンが証明されてるのに意味不明,1,中村ひろし
93-5,ここでの♪の意味がわからんけど、人間性というか、内面的なものを汲み取る判断材料にはなりますね。,2,ばあばオバケ
93-6,@チャーリーブラウン だから主治医は知識がないのに意味ないだろ？ワクチンの成分はなんと聞いてる？俺と同じレベルにしないでくれよ,2,中村ひろし
93-7,@チャーリーブラウン 研究所やCDCや政府機関の論文から論文関連は一斉に削除されてるから炎上してんだよ。YouTube内の話じゃないから。あとワクチンの論理的に科学的に説明してるチャンネルとかメディアが陰謀論とか攻撃しだしたからな。つまりメディアが必死で叩いて国民洗脳しようとしてる時点でその先生たちの解説は本当と証明してるわけ。だから前に言わなかった？論文なんて接種させたい側が指示出せばインチキするしあてにならんといったやん。,3,中村ひろし
93-8,@チャーリーブラウン ニュージーランドはほとんど接種してないのに元の生活してます。ワクチンは最初から必要ありません。デメリットしかないので。コロナ茶番劇にワクチンとか頭おかしい,13,中村ひろし
93-9,@チャーリーブラウン 打つって事ですね😢,3,るうちゃん
93-10,@チャーリーブラウン 心配なら、やめた方がいいでしょう。と私は思います。もう少し動向を見てから決めても遅くありません。,6,な
93-11,直ちに影響はない。,11,1999にゃんた
93-12,このワクチンは過去に無い初物だから正に人体実験だし、打つ回数が増えれば免疫疾患の病の確率大になるとかわかってる様です。更にまだ実験中なので体の中で不完全な効果になれば、感染したら重症化する予測もされている様ですよ！だからぜっさ,15,D Family
93-13,感染して軽くて味覚障害。こじらせて敗血症にでもなれば最悪、四肢切断。まぁ、金さえ出せば性能のいい義手、義足があるからいいか。,5,yamato868
93-14,世界が滅びなければいいですね♪,18,ゆたぽんTV
94,何かを悪として怖がる暇 時間があれば感謝しよう。愚かな人にも反面教師として有り難う。,1,Yasunao Shimizu,1
94-1,ありがとう,1,ゆたぽんTV
95,情報ありがとうございます！これから打つので  とても参考になりました！！やっぱり少し不安だったので！しかしワクチンを打った人の経過報告を打たないって 最初から決めている人が見て わざわざ 打たないって コメントする！意味が わからん！？ワクチンに興味ないなら 見なきゃいいのに！！(笑),2,あゆむ,1
95-1,ワクチンは効果はしっかりあるので、副反応はありますが、打つ方が賢いと思います！,2,ゆたぽんTV
96,3回目もあるみたいですね、挙げ句の果てに4回、5回と続くようなら((( ；ﾟДﾟ))),1,ヤグモ博士,1
96-1,まあインフルエンザも毎年打って、それでもパンデミックしますので、、、,2,ゆたぽんTV
97,香ばしい人多くて笑った陰謀論や極端な話ほど自分の中で合致しやすいのでしょうかねぇ,5,neru 15,2
97-1,陰謀論はあれですが、単純に「様子見」たい人の気持ちはすごくわかります。ただ「ワクチンは危険」というのを信じてる９割は多分ワクチンの仕組みとmRNAがどういうものなのか、というのを一から説明でない人たちな気がします。XX医師が言っていたから、元副社長が、とか肩書きだけで全てを信じている可能性が高い。,3,GENPAKU SUGITA
97-2,自分が打たないことが不安でしょうがないから、支離滅裂な話を信じてしまうんでしょう。一種の宗教のようなものですね。,4,ゆたぽんTV
98,１年後の事を考えていなかったのでしょうか？,35,吉田えり,1
98-1,考えてますよ？,5,ゆたぽんTV
99,ブラッディーマンデイな惨事がちょくちょく起きてる気がします,1,xo mm,1
99-1,おそろしいですね！,0,ゆたぽんTV
100,自分が高齢だったら気にせずにワクチン打つと思うけど、やっぱり怖いですㅠㅠ自分が将来妊娠して子供もつことになったらどんな影響を受けるのかとかもわからないので、、、순두부찌개(スンドゥブチゲ)ってありますよwこれでいつの韓国料理ですw순두부が豆腐で찌개が鍋って意味です！,1,コバーシジョニ男,1
100-1,昔、「チゲ鍋」って、訳すると「鍋鍋」だよ、って聞いたことあります笑,0,ゆたぽんTV
101,酸化グラフェン大丈夫ですか？よくそのような危険なもの打ちましたよね😰　解毒をオススメします,1,内堀由美子,2
101-1,らじゃ！,1,ゆたぽんTV
102,先生、お酒、そのとりあぶない。Dose 1.,6,J,1
102-1,うん、危険ですね😭,0,ゆたぽんTV
103,陰謀論者が粘着してるのちょっと気持ち悪い自分が打たなきゃいい話なのに何で他人に口出しするんだろうか,4,つー,1
103-1,自分が打たない、打てない不安があり、どこかに助けを求めるのでしょう。不安がある人はすぐに詐欺に引っ掛かります。不安をあおると再生数が伸びるそうです( ´艸｀),1,ゆたぽんTV
104,２回目打ったけど副反応何もなかったな。,1,父の脇の匂い,1
104-1,個人差がかなりあるみたいですね！,1,ゆたぽんTV
105,このお話の仕方は副反応でこうなっちゃったの？お医者さんだから、大変ですね。,0,Love Shiva,1
105-1,国に補償を請求しますね♪,1,ゆたぽんTV
106,新コロ発症ですね。なぜ、PCR検査受けないのですか？人体実験させられているのですから、最低限、前、中間、後。,6,Q連続体,1
106-1,なんで受ける意味があるのですか？,1,ゆたぽんTV
107,ブスコパンの筋注を打たれた感じの痛みと腫れかな?,6,M ‐anna‐,1
107-1,ブスコパン打ったことないのでわかりません><,1,ゆたぽんTV
108,すでになくなっている人がいるから自分は打たないかも,3,金子祝行,1
108-1,それも個人の判断なので、いいと思います。,0,ゆたぽんTV
109,そのメガネどこのですか？カッコいいです✨,3,Taaakun,1
109-1,鯖江のメガネメーカーとレクサスのコラボモデルです。ありがとうございます！,2,ゆたぽんTV
110,打ちたいと思って打ったのですか？周りの圧力があったの？,15,F,1
110-1,医師としての判断で自ら打ちましたよ♪,2,ゆたぽんTV
111,酒飲んじゃダメでしょ。,4,野原秀人,1
111-1,一応ワクチンの説明には飲酒は禁止されてなかったので( ´艸｀),1,ゆたぽんTV
112,コロナ接種したら余命早くて 2年遅くて 5年,0,だっちさいくろん,1
112-1,あら、たいへん。,1,ゆたぽんTV
113,三回目が自然に感染したらもっとヤバイのでは？,3,カーパラダイス,2
113-1,@ゆたぽんTV さまかなりの勉強不足のようです。,1,koko
113-2,ん？よくわからないですね。,0,ゆたぽんTV
114,たすけてください。わたしは一回目うったあとから下肢のむくみ、筋肉痛、関節痛がつづき三週間したら手首膝などかはれてます。これはリウマチ？慢性自己免疫疾患がでるかたもいるとき、きました。大きな病院にいったらいいですか？,1,リリィフランキィ,1
114-1,病院にいきましょう。,0,ゆたぽんTV
115,治験薬は自分は接種しないですよ。医療関係者の方々でも、色々な考え方が有ると思いますが、自分の寿命のリスクに病毒が一つ追加されただけなので、おみくじワクは接種しません。安全性の担保が無いワク接種はおみくじと一緒。ワク接種者が病毒に感染した時と未接種者が感染した場合に同じ治療薬使用するんじゃ無いですか。？後は感染時の症状の度合いによると思いますが、おみくじの域を出ない。とにかく毒を身体に入れる訳で、毒薬を身体に入れたあとの御利益はなんでしょうかね。？安全性の部分で動物実験での産まれてくる子供の数や、成長観察などで、どういう状態になった情報が分からないし。肝臓、脾臓、子宮などの臓器に対する結合細胞の挙動の情報いわゆる副反応。又副反応による死亡例など。また、公共の機関従事者のワク接種後の副反応の疑いの事故などなど。生命保険などの身体条件の免責条項など、それから、このままワク接種拡大していけば、赤十字社の献血事業に支障きたしませんか。？,1,iwat iwat,1
115-1,ワクチン接種後の献血に関しては別の動画で解説していますのでご参照ください！,0,ゆたぽんTV
116,コメントをみてると、信憑性のない情報に踊らされている方の多さに驚きました。まさに神にもすがりたいってとこなんですかね！先生の投稿に対するコメントみて笑いましたw頑張ってください。,2,太郎宮崎,1
116-1,事実って小説より奇ですよね笑,1,ゆたぽんTV
117,無知は罪ですね,2,ぱんぽこ,1
117-1,まさにそのとおりですね🎵,1,ゆたぽんTV
118,カッコいいメガネですね,1,ライダースパイダー,1
118-1,有難うございます🎵,0,ゆたぽんTV
119,なんで副作用でなくて副反応❔おかしい。,2,Mage Chion,1
119-1,「生体反応」だからでしょう。,1,ゆたぽんTV
120,もったいない。命を大切に・・・,2,井上富久子,1
120-1,ありがとうございます！お互い大切にしましょう！,0,ゆたぽんTV
121,打ちなくないなら打たなきゃいい。打ちたくないのに打つ意味がわからん。,1,さいごのアイアンマン,1
121-1,わかります。こちらもどうぞhttps://youtu.be/wZfe4VZHuMA,0,ゆたぽんTV
122,射って繁殖してからが　･････ね？(笑)効果は次世代なんだよね,2,眠い猫,1
122-1,まあ、その可能性が低いって言ってるんですけどね。。。,0,ゆたぽんTV
123,ここのコメントしんどいですね！😥私は打つことしました。友達全員打ったし。何年後かに死ぬとしても一人で生きててもねぇ〜😂おもんない。色んな意見おありなのはわかりますが誰が言ったか分からない事で煽らないで欲しいです。貴重な体験のお話ありがとうございます😊あと‥レアの鶏肉はやめた方がいいかと😂,1,liz Liz,1
123-1,関西や地方は特に生食盛んだったりしますよね、気を付けます><,1,ゆたぽんTV
124,自分は打ちます😁,4,ウササン,1
124-1,いいと思います💕,0,ゆたぽんTV
125,ワクチンって言いますがあくまでも、治験薬が正式な言い方です。また…後遺症の中で不妊症の話しも出て来ました。投与は、自己判断,2,Sino爺さん,3
125-1,ファイザー社は治験は終えて承認されたものですよ？,1,ゆたぽんTV
125-2,@ゆたぽんTV さんそれは…マスメディアが流した名前ですよね。実際に臨床実験は、中途半端ですから。,4,Sino爺さん
125-3,ん？ワクチンですよ？🤣,1,ゆたぽんTV
126,一回目で14日以内に脳梗塞発症！マヒと言語障害が残るらしいです。これは！！！予防接種救済制度うけれませんかね？,0,ニャゴ丸日記,1
126-1,それは大変ですね！,0,ゆたぽんTV
127,医者なのに論文も読まずに打ったとか・・？,1,horo,1
127-1,読んでますよ？,1,ゆたぽんTV
128,鳥に弱いのになぜレアでいいですというのか？日本人独特で目の前にすると遠慮してしまうという・・。あと薬薬と抑えることを前提だけど薬も体にはそんなにいくないから。おかし～。この方は本当に化学も知ってのことかな・・・。,1,マロングラッセ,2
128-1,@ゆたぽんTV 鰻の刺身もありますからね。,0,さぶろうZ
128-2,新鮮なものなら鶏でも刺身で食べますので、料理人のおすすめの食べ方を選んでいるだけですよ＾＾,0,ゆたぽんTV
129,3〜4日のちに死亡するようなほとんど即死にならなくてよかっですね。しかし1ヶ月後、半年後は？。まだまだ喜ぶのは早いかもしれません。ビルゲイツ氏は5年後に死ぬと公言までしています。ラボの実験動物は全滅したそうです。,1,花岡実太,1
129-1,え？ビルゲイツって医療者でしたっけ？,0,ゆたぽんTV
130,それでも私は社会のために打ちますなんならワクチン郵送してくれれば自分で打ちますよ〜笑笑ただのリーマンですがww,1,非公開,1
130-1,おっしゃる通り、新型コロナの問題はすでに個人的なものではなく社会的なものなので、接種は個人はもちろん社会を守るために有用だと言う判断は妥当ですよね。,0,ゆたぽんTV
131,コロナ禍で飲み歩いてましたね。,1,pontabunta,1
131-1,要請も出てなかったですしね。,1,ゆたぽんTV
132,打つ前の日に飲んで、打った夜も飲んだ⁉️,14,栗田礼子,2
132-1,@ゆたぽんTV お酒だよ,14,栗田礼子
132-2,ロキソニンですか？打った次の日に症状が強くなったので、そこで飲みましたね。,2,ゆたぽんTV
133,２回目は3日目はどーでしたか？,1,厚谷美香,1
133-1,三日目にはほとんど症状は消えてましたね！,0,ゆたぽんTV
134,僕ら一般人にもロキソニン貰えるんすか？自腹で薬局ですか？,2,いつも運がいい無線技術者,1
134-1,僕は2回目でもらいました。一般の方は自治体によるのでしょうか？こちらも見てくださいhttps://youtu.be/IOHUnNLrdFw,1,ゆたぽんTV
135,禁円四郎の禁煙地帯②で緊急情報あり。,0,ミュラートム,1
135-1,？,0,ゆたぽんTV
136,カンピロバクターミサイル発射！！ピヨッ🐣,1,SIN,1
136-1,あう！,1,ゆたぽんTV
137,ロキソニン？カロナールじゃないとダメと聞いたけど,1,NARUTO !,1
137-1,次の動画で説明してます、ロキソニンのこと。,0,ゆたぽんTV
138,地球が揺れるスーパーミラクル置き配達完了しております。,1,長谷川Naoki,1
138-1,あざーっす！,1,ゆたぽんTV
139,俺は打とうと思う。はじめは嫌だったが、今は打つメリットがリスク大きく上回ると判断している。コロナの重症化率が若い世代で上がって来ていること、世界でそれこそ何億人という大勢がワクチンを打っていること、今後コロナは終わらないこと(ワクチン打った人はマスクしなくなっていく→感染続くワクチンを接種してない人が悪いとなっていく)そして、ワクチンを打っていることで、生活の自由度、満足度が一気に上がること。,3,Yoshi,1
139-1,ワクチンを打ちたくない人の声が大きいので(ノイジーマイノリティ)SNS等を見ると打つのが怖くなると思いますが、冷静に考えるとリスク&ベネフィットでワクチンを否定する論文はなく、否定的なのは全て個人の意見なのです。圧倒的大多数はワクチンを欲しており、それは医療関係者、国家的、世界的なものです。ワクチンを打つか打たないかは自由ですし僕は中立ですが、否定派の根拠のない自分に言い聞かせるような理屈を人に押し付けるのは少し辟易しますね。,4,ゆたぽんTV
140,焼き鳥のレア⁈(*´Д｀*)そ、それは〜｡,0,Jasts蛇巣鶫,1
140-1,レアは今後気を付けます。。。,0,ゆたぽんTV
141,ファイザー社長『インフルエンザみたいに毎年打つことになるやでー』ファイザー元副社長『新型コロナにワクチンを打つ意味は無いっす』貴方がたはどちらを信じますか？自分で判断しましょう。,9,m sy,1
141-1,ゴーンさんが日産に唾履くのと同じですかね？( ´艸｀),3,ゆたぽんTV
142,射ったとしてその効能はいつまでとか説明あった？,0,ruse nect,2
142-1,@ゆたぽんTV 観たんですが説明ありました？結局見てもわからないんですが,0,ruse nect
142-2,こちらもどうぞ♪https://youtu.be/rHQlSXRNCEw,0,ゆたぽんTV
143,コメ欄カオスで草w,3,呪いのビデオ【非公式】,1
143-1,コロナ関連で僕の動画だけが陰謀論で溢れています笑,1,ゆたぽんTV
144,大阪大学の研究成果見ましたか？?,1,y È.,1
144-1,もちろんみましたよ！,0,ゆたぽんTV
145,ワクチンの材料、知ってるの？,3,M F,4
145-1,@新庄俊也 カブトガニの血液ってメチャクチャ高いですよね。採算合いますか？,0,さぶろうZ
145-2,@新庄俊也 草すぎる,0,明石真美
145-3,@ゆたぽんTV 　カブトガニの青い血と中絶した胎児がはいってるそうですのでわたしはうちません,1,新庄俊也
145-4,「味のもと」の原材料ほど吟味していません><,2,ゆたぽんTV
146,一回目はトリであたったんじゃないですか。,4,M M,1
146-1,そういうオチの笑い話です♪,0,ゆたぽんTV
147,ゆたぽんって、あのゆたぽん？実家が酒屋さん？,0,野崎茜,2
147-1,@ゆたぽんTV ごめんね、人間違いだった💦,0,野崎茜
147-2,ん？酒屋ではないですよ？,1,ゆたぽんTV
148,接種日　当日の飲酒は不味いだろ？,1,かしわぎごう,1
148-1,当日ではないですよちなみに飲酒は禁止にもなってませんでした、実は。,1,ゆたぽんTV
149,純スン豆腐ドゥブ鍋チゲ,1,宮原智美,1
149-1,理解できました！,0,ゆたぽんTV
150,凄いね学者が警告してるのにみんなよく打つよな。,5,たまきん,3
150-1,警告している学者で論文書いた学者いますか？,0,さぶろうZ
150-2,すごいですね、お医者さんなのに公的機関が推奨している‥‥ですべて信用できるなんて良く言えば長いものに巻かれよ的な古風な方なんですね笑,4,koko
150-3,すごいね、公的機関がこれだけ推奨しているのに禁忌でないのに打たない人がまだいるんですね笑,1,ゆたぽんTV
151,うちません。うちません。うちません。,13,21 Apple,1
151-1,一回言えばわかりますよ♪こちらもどうぞ、ワクチンハラスメントについて話しています。https://youtu.be/wZfe4VZHuMA,1,ゆたぽんTV
152,こいつぁだめだ,1,山本ポッポ,1
152-1,だめだこりゃ　ってドリフだったっけ？,0,ゆたぽんTV
153,目つき悪いな,3,佐野周二,1
153-1,こればかりは改善できませんね( ´艸｀),1,ゆたぽんTV
154,最後の動画。,2,五百石太郎,1
154-1,まだまだ出しますよ♪,0,ゆたぽんTV
